Date,Average Price,Volume,Region
Jan-95,45545,3990,East Midlands
Feb-95,46052,4211,East Midlands
Mar-95,45384,5840,East Midlands
Apr-95,46124,4892,East Midlands
May-95,45878,5377,East Midlands
Jun-95,45680,6283,East Midlands
Jul-95,46038,5359,East Midlands
Aug-95,45923,5656,East Midlands
Sept-95,45772,5654,East Midlands
Oct-95,45155,5163,East Midlands
Nov-95,44967,5463,East Midlands
Dec-95,45649,6006,East Midlands
Jan-96,44619,3927,East Midlands
Feb-96,44506,4278,East Midlands
Mar-96,45190,5878,East Midlands
Apr-96,45704,5358,East Midlands
May-96,45728,6738,East Midlands
Jun-96,46149,6477,East Midlands
Jul-96,46577,7115,East Midlands
Aug-96,47067,7657,East Midlands
Sept-96,46938,6549,East Midlands
Oct-96,46520,6964,East Midlands
Nov-96,47287,7896,East Midlands
Dec-96,47642,7206,East Midlands
Jan-97,46775,5315,East Midlands
Feb-97,47346,5338,East Midlands
Mar-97,47721,6506,East Midlands
Apr-97,48694,6275,East Midlands
May-97,49019,7939,East Midlands
Jun-97,48966,8167,East Midlands
Jul-97,50205,8297,East Midlands
Aug-97,50607,8282,East Midlands
Sept-97,50400,7486,East Midlands
Oct-97,50159,7983,East Midlands
Nov-97,50805,6805,East Midlands
Dec-97,50342,7166,East Midlands
Jan-98,50771,4941,East Midlands
Feb-98,50386,5219,East Midlands
Mar-98,50540,6516,East Midlands
Apr-98,51973,6658,East Midlands
May-98,52334,7532,East Midlands
Jun-98,52423,7671,East Midlands
Jul-98,52959,8613,East Midlands
Aug-98,53435,7502,East Midlands
Sept-98,53101,6962,East Midlands
Oct-98,52902,7609,East Midlands
Nov-98,52671,7178,East Midlands
Dec-98,53106,7522,East Midlands
Jan-99,53062,4928,East Midlands
Feb-99,52648,5227,East Midlands
Mar-99,53555,7191,East Midlands
Apr-99,55438,7866,East Midlands
May-99,54991,7922,East Midlands
Jun-99,55273,8327,East Midlands
Jul-99,56563,10032,East Midlands
Aug-99,57137,9020,East Midlands
Sept-99,57223,8505,East Midlands
Oct-99,57459,9313,East Midlands
Nov-99,58296,8848,East Midlands
Dec-99,58360,8818,East Midlands
Jan-00,58080,5721,East Midlands
Feb-00,58575,6261,East Midlands
Mar-00,59228,8474,East Midlands
Apr-00,60889,7878,East Midlands
May-00,61430,8361,East Midlands
Jun-00,62425,9862,East Midlands
Jul-00,63474,8508,East Midlands
Aug-00,64055,8372,East Midlands
Sept-00,64880,8209,East Midlands
Oct-00,63967,7481,East Midlands
Nov-00,64608,7459,East Midlands
Dec-00,65237,8249,East Midlands
Jan-01,65725,5592,East Midlands
Feb-01,65598,5943,East Midlands
Mar-01,65928,8005,East Midlands
Apr-01,67974,7885,East Midlands
May-01,69038,8894,East Midlands
Jun-01,70033,10185,East Midlands
Jul-01,70796,10046,East Midlands
Aug-01,72186,11282,East Midlands
Sept-01,72637,8922,East Midlands
Oct-01,73333,9727,East Midlands
Nov-01,74391,10202,East Midlands
Dec-01,75378,8767,East Midlands
Jan-02,75280,6356,East Midlands
Feb-02,76450,6914,East Midlands
Mar-02,78292,9778,East Midlands
Apr-02,80083,9215,East Midlands
May-02,82643,12191,East Midlands
Jun-02,84539,9445,East Midlands
Jul-02,88192,10879,East Midlands
Aug-02,91058,11055,East Midlands
Sept-02,91480,8991,East Midlands
Oct-02,93898,9320,East Midlands
Nov-02,96949,10088,East Midlands
Dec-02,98179,9098,East Midlands
Jan-03,100132,6889,East Midlands
Feb-03,102378,6930,East Midlands
Mar-03,101518,7381,East Midlands
Apr-03,106466,7506,East Midlands
May-03,108677,8273,East Midlands
Jun-03,109587,8773,East Midlands
Jul-03,111648,9126,East Midlands
Aug-03,114593,9809,East Midlands
Sept-03,114575,9234,East Midlands
Oct-03,116408,10458,East Midlands
Nov-03,117723,9623,East Midlands
Dec-03,118022,10239,East Midlands
Jan-04,119411,7314,East Midlands
Feb-04,120237,7473,East Midlands
Mar-04,121241,8770,East Midlands
Apr-04,125676,10531,East Midlands
May-04,128522,9563,East Midlands
Jun-04,130950,10503,East Midlands
Jul-04,133637,11266,East Midlands
Aug-04,136148,9424,East Midlands
Sept-04,137141,7945,East Midlands
Oct-04,136872,7600,East Midlands
Nov-04,138554,6881,East Midlands
Dec-04,137765,6958,East Midlands
Jan-05,135281,4327,East Midlands
Feb-05,136774,4790,East Midlands
Mar-05,137121,5901,East Midlands
Apr-05,138634,7088,East Midlands
May-05,140205,6890,East Midlands
Jun-05,139707,7885,East Midlands
Jul-05,141437,8444,East Midlands
Aug-05,142518,8319,East Midlands
Sept-05,141382,8473,East Midlands
Oct-05,142601,7681,East Midlands
Nov-05,142597,7772,East Midlands
Dec-05,142296,8951,East Midlands
Jan-06,140443,5978,East Midlands
Feb-06,140814,6405,East Midlands
Mar-06,141418,8741,East Midlands
Apr-06,145425,7912,East Midlands
May-06,145116,8881,East Midlands
Jun-06,146426,10659,East Midlands
Jul-06,149079,9425,East Midlands
Aug-06,149752,10183,East Midlands
Sept-06,148304,9765,East Midlands
Oct-06,149835,9446,East Midlands
Nov-06,150106,9804,East Midlands
Dec-06,151841,10413,East Midlands
Jan-07,151360,7037,East Midlands
Feb-07,152008,7125,East Midlands
Mar-07,152595,9116,East Midlands
Apr-07,154051,8170,East Midlands
May-07,154459,8914,East Midlands
Jun-07,156216,10668,East Midlands
Jul-07,157902,9522,East Midlands
Aug-07,159023,10470,East Midlands
Sept-07,159537,8229,East Midlands
Oct-07,157562,8177,East Midlands
Nov-07,157962,8697,East Midlands
Dec-07,157244,7083,East Midlands
Jan-08,153065,4705,East Midlands
Feb-08,153034,5182,East Midlands
Mar-08,152241,4967,East Midlands
Apr-08,152448,5310,East Midlands
May-08,152126,5595,East Midlands
Jun-08,151545,5020,East Midlands
Jul-08,150970,4420,East Midlands
Aug-08,146193,4110,East Midlands
Sept-08,142592,3565,East Midlands
Oct-08,140155,3962,East Midlands
Nov-08,134902,3224,East Midlands
Dec-08,134826,3700,East Midlands
Jan-09,131716,2245,East Midlands
Feb-09,129876,2271,East Midlands
Mar-09,129915,3227,East Midlands
Apr-09,130372,3392,East Midlands
May-09,129878,3899,East Midlands
Jun-09,133112,4667,East Midlands
Jul-09,134249,5131,East Midlands
Aug-09,136342,4815,East Midlands
Sept-09,136490,4718,East Midlands
Oct-09,138349,5528,East Midlands
Nov-09,138539,4944,East Midlands
Dec-09,140587,6846,East Midlands
Jan-10,136462,2727,East Midlands
Feb-10,139602,3313,East Midlands
Mar-10,137857,4501,East Midlands
Apr-10,139450,4374,East Midlands
May-10,141760,4210,East Midlands
Jun-10,142143,5193,East Midlands
Jul-10,142973,5533,East Midlands
Aug-10,144010,4949,East Midlands
Sept-10,142087,4524,East Midlands
Oct-10,141097,4898,East Midlands
Nov-10,139935,4688,East Midlands
Dec-10,139103,4786,East Midlands
Jan-11,136418,2927,East Midlands
Feb-11,137220,3190,East Midlands
Mar-11,136388,3819,East Midlands
Apr-11,137100,4253,East Midlands
May-11,137464,4070,East Midlands
Jun-11,137793,4962,East Midlands
Jul-11,140060,5136,East Midlands
Aug-11,140623,5341,East Midlands
Sept-11,138920,5085,East Midlands
Oct-11,137499,4730,East Midlands
Nov-11,137839,4913,East Midlands
Dec-11,138723,5242,East Midlands
Jan-12,136369,3558,East Midlands
Feb-12,136102,3545,East Midlands
Mar-12,137025,4887,East Midlands
Apr-12,138440,3675,East Midlands
May-12,138251,4481,East Midlands
Jun-12,139459,5134,East Midlands
Jul-12,140983,4761,East Midlands
Aug-12,139793,5338,East Midlands
Sept-12,139262,4117,East Midlands
Oct-12,139395,4930,East Midlands
Nov-12,139511,5315,East Midlands
Dec-12,138977,4746,East Midlands
Jan-13,137537,3447,East Midlands
Feb-13,137599,3522,East Midlands
Mar-13,138562,4585,East Midlands
Apr-13,139314,4258,East Midlands
May-13,141012,5780,East Midlands
Jun-13,141367,5591,East Midlands
Jul-13,142534,5910,East Midlands
Aug-13,144030,6566,East Midlands
Sept-13,143553,5592,East Midlands
Oct-13,144444,6226,East Midlands
Nov-13,143522,7336,East Midlands
Dec-13,145942,7029,East Midlands
Jan-14,145261,5578,East Midlands
Feb-14,146741,5651,East Midlands
Mar-14,146448,5780,East Midlands
Apr-14,149319,6261,East Midlands
May-14,150008,7009,East Midlands
Jun-14,151454,7108,East Midlands
Jul-14,152658,7401,East Midlands
Aug-14,155033,7929,East Midlands
Sept-14,155263,6712,East Midlands
Oct-14,154170,7725,East Midlands
Nov-14,154009,6398,East Midlands
Dec-14,153904,6970,East Midlands
Jan-15,153669,4865,East Midlands
Feb-15,154210,5071,East Midlands
Mar-15,154728,5751,East Midlands
Apr-15,155680,5438,East Midlands
May-15,157709,6611,East Midlands
Jun-15,158960,7535,East Midlands
Jul-15,161180,7835,East Midlands
Aug-15,163208,7429,East Midlands
Sept-15,162174,7073,East Midlands
Oct-15,163771,8037,East Midlands
Nov-15,164460,7281,East Midlands
Dec-15,165081,7640,East Midlands
Jan-16,164946,5414,East Midlands
Feb-16,164383,5805,East Midlands
Mar-16,165175,10702,East Midlands
Apr-16,167913,5087,East Midlands
May-16,168771,5824,East Midlands
Jun-16,170091,7044,East Midlands
Jul-16,171782,7101,East Midlands
Aug-16,172649,7540,East Midlands
Sept-16,173272,7437,East Midlands
Oct-16,172479,6766,East Midlands
Nov-16,173872,7172,East Midlands
Dec-16,174665,7739,East Midlands
Jan-17,172959,5178,East Midlands
Feb-17,175110,5420,East Midlands
Mar-17,174956,6958,East Midlands
Apr-17,177942,5864,East Midlands
May-17,178966,6544,East Midlands
Jun-17,180204,8030,East Midlands
Jul-17,183172,7121,East Midlands
Aug-17,182763,7580,East Midlands
Sept-17,183816,7393,East Midlands
Oct-17,184044,7433,East Midlands
Nov-17,183974,7333,East Midlands
Dec-17,184942,7401,East Midlands
Jan-18,184574,5336,East Midlands
Feb-18,187235,5509,East Midlands
Mar-18,184845,6451,East Midlands
Apr-18,187276,5709,East Midlands
May-18,188826,6536,East Midlands
Jun-18,189259,7605,East Midlands
Jul-18,191231,6802,East Midlands
Aug-18,192610,8115,East Midlands
Sept-18,194049,6519,East Midlands
Oct-18,191666,7429,East Midlands
Nov-18,192979,7867,East Midlands
Dec-18,191694,6822,East Midlands
Jan-19,191237,5024,East Midlands
Feb-19,190990,5498,East Midlands
Mar-19,190586,6127,East Midlands
Apr-19,191571,5814,East Midlands
May-19,191927,6440,East Midlands
Jun-19,192029,6759,East Midlands
Jul-19,193480,6776,East Midlands
Aug-19,195345,7403,East Midlands
Sept-19,194867,6683,East Midlands
Oct-19,194705,6992,East Midlands
Nov-19,194873,7285,East Midlands
Dec-19,194489,6548,East Midlands
Jan-20,195100,5049,East Midlands
Feb-20,193480,5326,East Midlands
Mar-20,195701,5233,East Midlands
Apr-20,195185,2128,East Midlands
May-20,194596,3185,East Midlands
Jun-20,198494,4677,East Midlands
Jul-20,200434,5127,East Midlands
Aug-20,200918,5292,East Midlands
Sept-20,201616,5673,East Midlands
Oct-20,204424,7147,East Midlands
Nov-20,207054,7067,East Midlands
Dec-20,209567,7696,East Midlands
Jan-21,211091,5521,East Midlands
Feb-21,212764,7285,East Midlands
Mar-21,213897,9624,East Midlands
Apr-21,211665,6639,East Midlands
May-21,211871,5863,East Midlands
Jun-21,224919,11083,East Midlands
Jul-21,212160,5130,East Midlands
Aug-21,218318,6342,East Midlands
Sept-21,227212,10464,East Midlands
Oct-21,223137,4525,East Midlands
Nov-21,226236,5417,East Midlands
Dec-21,228541,5776,East Midlands
Jan-22,232276,4428,East Midlands
Feb-22,233559,5162,East Midlands
Mar-22,235917,5433,East Midlands
Apr-22,236954,4787,East Midlands
May-22,239867,4784,East Midlands
Jun-22,244227,4668,East Midlands
Jul-22,246182,5197,East Midlands
Aug-22,252507,4786,East Midlands
Sept-22,253963,,East Midlands
Oct-22,254079,,East Midlands
Jan-95,56702,,East of England
Feb-95,56594,,East of England
Mar-95,56171,,East of England
Apr-95,56568,,East of England
May-95,56480,,East of England
Jun-95,56289,,East of England
Jul-95,57242,,East of England
Aug-95,56732,,East of England
Sept-95,56259,,East of England
Oct-95,55240,,East of England
Nov-95,55878,,East of England
Dec-95,55524,,East of England
Jan-96,55033,,East of England
Feb-96,55316,,East of England
Mar-96,55063,,East of England
Apr-96,55822,,East of England
May-96,56140,,East of England
Jun-96,56601,,East of England
Jul-96,57073,,East of England
Aug-96,57951,,East of England
Sept-96,57609,,East of England
Oct-96,57669,,East of England
Nov-96,58421,,East of England
Dec-96,58964,,East of England
Jan-97,59081,,East of England
Feb-97,59684,,East of England
Mar-97,59869,,East of England
Apr-97,60358,,East of England
May-97,61737,,East of England
Jun-97,62774,,East of England
Jul-97,64183,,East of England
Aug-97,64667,,East of England
Sept-97,65007,,East of England
Oct-97,66077,,East of England
Nov-97,65528,,East of England
Dec-97,66206,,East of England
Jan-98,66899,,East of England
Feb-98,66739,,East of England
Mar-98,66989,,East of England
Apr-98,68585,,East of England
May-98,69688,,East of England
Jun-98,70045,,East of England
Jul-98,70958,,East of England
Aug-98,71126,,East of England
Sept-98,71680,,East of England
Oct-98,71563,,East of England
Nov-98,71198,,East of England
Dec-98,71285,,East of England
Jan-99,71966,,East of England
Feb-99,72027,,East of England
Mar-99,71939,,East of England
Apr-99,73545,,East of England
May-99,74291,,East of England
Jun-99,75804,,East of England
Jul-99,77158,,East of England
Aug-99,78190,,East of England
Sept-99,79917,,East of England
Oct-99,80391,,East of England
Nov-99,82173,,East of England
Dec-99,83819,,East of England
Jan-00,84192,,East of England
Feb-00,83989,,East of England
Mar-00,85921,,East of England
Apr-00,89206,,East of England
May-00,91172,,East of England
Jun-00,91593,,East of England
Jul-00,93781,,East of England
Aug-00,95082,,East of England
Sept-00,95568,,East of England
Oct-00,94454,,East of England
Nov-00,95100,,East of England
Dec-00,96195,,East of England
Jan-01,96628,,East of England
Feb-01,96649,,East of England
Mar-01,98009,,East of England
Apr-01,99735,,East of England
May-01,101764,,East of England
Jun-01,102969,,East of England
Jul-01,105160,,East of England
Aug-01,108078,,East of England
Sept-01,108535,,East of England
Oct-01,109230,,East of England
Nov-01,110583,,East of England
Dec-01,111665,,East of England
Jan-02,112374,,East of England
Feb-02,113392,,East of England
Mar-02,115809,,East of England
Apr-02,120065,,East of England
May-02,123090,,East of England
Jun-02,125088,,East of England
Jul-02,129419,,East of England
Aug-02,132917,,East of England
Sept-02,134094,,East of England
Oct-02,137098,,East of England
Nov-02,140637,,East of England
Dec-02,141858,,East of England
Jan-03,144866,,East of England
Feb-03,144848,,East of England
Mar-03,145968,,East of England
Apr-03,149010,,East of England
May-03,149708,,East of England
Jun-03,149449,,East of England
Jul-03,153579,,East of England
Aug-03,154232,,East of England
Sept-03,154002,,East of England
Oct-03,155412,,East of England
Nov-03,156131,,East of England
Dec-03,157713,,East of England
Jan-04,159710,,East of England
Feb-04,160205,,East of England
Mar-04,161608,,East of England
Apr-04,165136,,East of England
May-04,166518,,East of England
Jun-04,170031,,East of England
Jul-04,172266,,East of England
Aug-04,174609,,East of England
Sept-04,175391,,East of England
Oct-04,175716,,East of England
Nov-04,175981,,East of England
Dec-04,174955,,East of England
Jan-05,175323,,East of England
Feb-05,173555,,East of England
Mar-05,173743,,East of England
Apr-05,174294,,East of England
May-05,177100,,East of England
Jun-05,178067,,East of England
Jul-05,179281,,East of England
Aug-05,178969,,East of England
Sept-05,179366,,East of England
Oct-05,178385,,East of England
Nov-05,178199,,East of England
Dec-05,179512,,East of England
Jan-06,178992,,East of England
Feb-06,179220,,East of England
Mar-06,180623,,East of England
Apr-06,183445,,East of England
May-06,185049,,East of England
Jun-06,185328,,East of England
Jul-06,189027,,East of England
Aug-06,190703,,East of England
Sept-06,190772,,East of England
Oct-06,192058,,East of England
Nov-06,192726,,East of England
Dec-06,194903,,East of England
Jan-07,194994,,East of England
Feb-07,195405,,East of England
Mar-07,197034,,East of England
Apr-07,199474,,East of England
May-07,201392,,East of England
Jun-07,204908,,East of England
Jul-07,206815,,East of England
Aug-07,208231,,East of England
Sept-07,209102,,East of England
Oct-07,208926,,East of England
Nov-07,209624,,East of England
Dec-07,209409,,East of England
Jan-08,207691,,East of England
Feb-08,205848,,East of England
Mar-08,203401,,East of England
Apr-08,202149,,East of England
May-08,204037,,East of England
Jun-08,200939,,East of England
Jul-08,200308,,East of England
Aug-08,193182,,East of England
Sept-08,188408,,East of England
Oct-08,183685,,East of England
Nov-08,178494,,East of England
Dec-08,176835,,East of England
Jan-09,175528,,East of England
Feb-09,171619,,East of England
Mar-09,168263,,East of England
Apr-09,170921,,East of England
May-09,173914,,East of England
Jun-09,173800,,East of England
Jul-09,178444,,East of England
Aug-09,180570,,East of England
Sept-09,182708,,East of England
Oct-09,182946,,East of England
Nov-09,184531,,East of England
Dec-09,185387,,East of England
Jan-10,187910,,East of England
Feb-10,188039,,East of England
Mar-10,188188,,East of England
Apr-10,191141,,East of England
May-10,191996,,East of England
Jun-10,191586,,East of England
Jul-10,194838,,East of England
Aug-10,194104,,East of England
Sept-10,195063,,East of England
Oct-10,191946,,East of England
Nov-10,191273,,East of England
Dec-10,190404,,East of England
Jan-11,189424,,East of England
Feb-11,187264,,East of England
Mar-11,188535,,East of England
Apr-11,189403,,East of England
May-11,189682,,East of England
Jun-11,189105,,East of England
Jul-11,191792,,East of England
Aug-11,192616,,East of England
Sept-11,190805,,East of England
Oct-11,190749,,East of England
Nov-11,191616,,East of England
Dec-11,190795,,East of England
Jan-12,191894,,East of England
Feb-12,190306,,East of England
Mar-12,189084,,East of England
Apr-12,192846,,East of England
May-12,193690,,East of England
Jun-12,193515,,East of England
Jul-12,196166,,East of England
Aug-12,196204,,East of England
Sept-12,195032,,East of England
Oct-12,195730,,East of England
Nov-12,195007,,East of England
Dec-12,194059,,East of England
Jan-13,194209,,East of England
Feb-13,192418,,East of England
Mar-13,196235,,East of England
Apr-13,196687,,East of England
May-13,195928,,East of England
Jun-13,198110,,East of England
Jul-13,201279,,East of England
Aug-13,202193,,East of England
Sept-13,202026,,East of England
Oct-13,203714,,East of England
Nov-13,202626,,East of England
Dec-13,207270,,East of England
Jan-14,205792,,East of England
Feb-14,207358,,East of England
Mar-14,208325,,East of England
Apr-14,212541,,East of England
May-14,216195,,East of England
Jun-14,218023,,East of England
Jul-14,221817,,East of England
Aug-14,224167,,East of England
Sept-14,226243,,East of England
Oct-14,227303,,East of England
Nov-14,226352,,East of England
Dec-14,227176,,East of England
Jan-15,228276,,East of England
Feb-15,229383,,East of England
Mar-15,229497,,East of England
Apr-15,231912,,East of England
May-15,235052,,East of England
Jun-15,236143,,East of England
Jul-15,241817,,East of England
Aug-15,244547,,East of England
Sept-15,247282,,East of England
Oct-15,248467,,East of England
Nov-15,251803,,East of England
Dec-15,252915,,East of England
Jan-16,255235,,East of England
Feb-16,255450,,East of England
Mar-16,259686,,East of England
Apr-16,259733,,East of England
May-16,264377,,East of England
Jun-16,267333,,East of England
Jul-16,270678,,East of England
Aug-16,271151,,East of England
Sept-16,273097,,East of England
Oct-16,272589,,East of England
Nov-16,273382,,East of England
Dec-16,275945,,East of England
Jan-17,275049,,East of England
Feb-17,277280,,East of England
Mar-17,275435,,East of England
Apr-17,279497,,East of England
May-17,282054,,East of England
Jun-17,283381,,East of England
Jul-17,287743,,East of England
Aug-17,287534,,East of England
Sept-17,288342,,East of England
Oct-17,288473,,East of England
Nov-17,287143,,East of England
Dec-17,289022,,East of England
Jan-18,288947,,East of England
Feb-18,288286,,East of England
Mar-18,286499,,East of England
Apr-18,287656,,East of England
May-18,288222,,East of England
Jun-18,289469,,East of England
Jul-18,293936,,East of England
Aug-18,294035,,East of England
Sept-18,292574,,East of England
Oct-18,293045,,East of England
Nov-18,293428,,East of England
Dec-18,290870,,East of England
Jan-19,288659,,East of England
Feb-19,289832,,East of England
Mar-19,286802,,East of England
Apr-19,287986,,East of England
May-19,288711,,East of England
Jun-19,288342,,East of England
Jul-19,291364,,East of England
Aug-19,290519,,East of England
Sept-19,291814,,East of England
Oct-19,290903,,East of England
Nov-19,288880,,East of England
Dec-19,290569,,East of England
Jan-20,288877,,East of England
Feb-20,289018,,East of England
Mar-20,288077,,East of England
Apr-20,290593,,East of England
May-20,290117,,East of England
Jun-20,291772,,East of England
Jul-20,292176,,East of England
Aug-20,296143,,East of England
Sept-20,300021,,East of England
Oct-20,298840,,East of England
Nov-20,300060,,East of England
Dec-20,303983,,East of England
Jan-21,306283,,East of England
Feb-21,307302,,East of England
Mar-21,310039,,East of England
Apr-21,308296,,East of England
May-21,308003,,East of England
Jun-21,322993,,East of England
Jul-21,309030,,East of England
Aug-21,319312,,East of England
Sept-21,327929,,East of England
Oct-21,325382,,East of England
Nov-21,331587,,East of England
Dec-21,332146,,East of England
Jan-22,336599,,East of England
Feb-22,339960,,East of England
Mar-22,341107,,East of England
Apr-22,342118,,East of England
May-22,347060,,East of England
Jun-22,350752,,East of England
Jul-22,355832,,East of England
Aug-22,361361,,East of England
Jan-95,74436,,London
Feb-95,72778,,London
Mar-95,73897,,London
Apr-95,74455,,London
May-95,75432,,London
Jun-95,75606,,London
Jul-95,75984,,London
Aug-95,75529,,London
Sept-95,74941,,London
Oct-95,74302,,London
Nov-95,74118,,London
Dec-95,75178,,London
Jan-96,75342,,London
Feb-96,76087,,London
Mar-96,75691,,London
Apr-96,76767,,London
May-96,77215,,London
Jun-96,78139,,London
Jul-96,78799,,London
Aug-96,79058,,London
Sept-96,79752,,London
Oct-96,79504,,London
Nov-96,80224,,London
Dec-96,81417,,London
Jan-97,83066,,London
Feb-97,83579,,London
Mar-97,84576,,London
Apr-97,86088,,London
May-97,88544,,London
Jun-97,89231,,London
Jul-97,92129,,London
Aug-97,92120,,London
Sept-97,94180,,London
Oct-97,93918,,London
Nov-97,95034,,London
Dec-97,96863,,London
Jan-98,97914,,London
Feb-98,96944,,London
Mar-98,98934,,London
Apr-98,101287,,London
May-98,101077,,London
Jun-98,102891,,London
Jul-98,104368,,London
Aug-98,104078,,London
Sept-98,104611,,London
Oct-98,104179,,London
Nov-98,104259,,London
Dec-98,104785,,London
Jan-99,105695,,London
Feb-99,105273,,London
Mar-99,107398,,London
Apr-99,109621,,London
May-99,111216,,London
Jun-99,113319,,London
Jul-99,117033,,London
Aug-99,119358,,London
Sept-99,122611,,London
Oct-99,123002,,London
Nov-99,125792,,London
Dec-99,127918,,London
Jan-00,130411,,London
Feb-00,132705,,London
Mar-00,134286,,London
Apr-00,140670,,London
May-00,140862,,London
Jun-00,143542,,London
Jul-00,146228,,London
Aug-00,147284,,London
Sept-00,147316,,London
Oct-00,145626,,London
Nov-00,147666,,London
Dec-00,147483,,London
Jan-01,149543,,London
Feb-01,149776,,London
Mar-01,150941,,London
Apr-01,152865,,London
May-01,157156,,London
Jun-01,158760,,London
Jul-01,161122,,London
Aug-01,164628,,London
Sept-01,164820,,London
Oct-01,166189,,London
Nov-01,167214,,London
Dec-01,167693,,London
Jan-02,169841,,London
Feb-02,170502,,London
Mar-02,172749,,London
Apr-02,178218,,London
May-02,182805,,London
Jun-02,186038,,London
Jul-02,191162,,London
Aug-02,195333,,London
Sept-02,197045,,London
Oct-02,199092,,London
Nov-02,202527,,London
Dec-02,203437,,London
Jan-03,207162,,London
Feb-03,206464,,London
Mar-03,205573,,London
Apr-03,207953,,London
May-03,210583,,London
Jun-03,208941,,London
Jul-03,213806,,London
Aug-03,212692,,London
Sept-03,212901,,London
Oct-03,214608,,London
Nov-03,215556,,London
Dec-03,216971,,London
Jan-04,218855,,London
Feb-04,219804,,London
Mar-04,221324,,London
Apr-04,225863,,London
May-04,227330,,London
Jun-04,230156,,London
Jul-04,233877,,London
Aug-04,234836,,London
Sept-04,234134,,London
Oct-04,232287,,London
Nov-04,234718,,London
Dec-04,230185,,London
Jan-05,232422,,London
Feb-05,231321,,London
Mar-05,231263,,London
Apr-05,235367,,London
May-05,235685,,London
Jun-05,235899,,London
Jul-05,237872,,London
Aug-05,237971,,London
Sept-05,236916,,London
Oct-05,234298,,London
Nov-05,236561,,London
Dec-05,238377,,London
Jan-06,239846,,London
Feb-06,239115,,London
Mar-06,241380,,London
Apr-06,245474,,London
May-06,247591,,London
Jun-06,251417,,London
Jul-06,253883,,London
Aug-06,256704,,London
Sept-06,257541,,London
Oct-06,259115,,London
Nov-06,258814,,London
Dec-06,264494,,London
Jan-07,267658,,London
Feb-07,270780,,London
Mar-07,273479,,London
Apr-07,278805,,London
May-07,282726,,London
Jun-07,285958,,London
Jul-07,295694,,London
Aug-07,297653,,London
Sept-07,298414,,London
Oct-07,298559,,London
Nov-07,297648,,London
Dec-07,297994,,London
Jan-08,298596,,London
Feb-08,295700,,London
Mar-08,293605,,London
Apr-08,294346,,London
May-08,295163,,London
Jun-08,290100,,London
Jul-08,290261,,London
Aug-08,281721,,London
Sept-08,276487,,London
Oct-08,266999,,London
Nov-08,258647,,London
Dec-08,253881,,London
Jan-09,253093,,London
Feb-09,249847,,London
Mar-09,247264,,London
Apr-09,245351,,London
May-09,249991,,London
Jun-09,253596,,London
Jul-09,259793,,London
Aug-09,262076,,London
Sept-09,267501,,London
Oct-09,268780,,London
Nov-09,266837,,London
Dec-09,270118,,London
Jan-10,279724,,London
Feb-10,278753,,London
Mar-10,280472,,London
Apr-10,281981,,London
May-10,281762,,London
Jun-10,284541,,London
Jul-10,292772,,London
Aug-10,290646,,London
Sept-10,290093,,London
Oct-10,286131,,London
Nov-10,282290,,London
Dec-10,285353,,London
Jan-11,287983,,London
Feb-11,285227,,London
Mar-11,287092,,London
Apr-11,293993,,London
May-11,284722,,London
Jun-11,285906,,London
Jul-11,295843,,London
Aug-11,294903,,London
Sept-11,295358,,London
Oct-11,292267,,London
Nov-11,291036,,London
Dec-11,292284,,London
Jan-12,294360,,London
Feb-12,292381,,London
Mar-12,290379,,London
Apr-12,299065,,London
May-12,304081,,London
Jun-12,306823,,London
Jul-12,308962,,London
Aug-12,310043,,London
Sept-12,308469,,London
Oct-12,310281,,London
Nov-12,308540,,London
Dec-12,313744,,London
Jan-13,311364,,London
Feb-13,313550,,London
Mar-13,312289,,London
Apr-13,320921,,London
May-13,322324,,London
Jun-13,324518,,London
Jul-13,332988,,London
Aug-13,335743,,London
Sept-13,340494,,London
Oct-13,340045,,London
Nov-13,343749,,London
Dec-13,352028,,London
Jan-14,355830,,London
Feb-14,357876,,London
Mar-14,361400,,London
Apr-14,375337,,London
May-14,382705,,London
Jun-14,387182,,London
Jul-14,398737,,London
Aug-14,404754,,London
Sept-14,403670,,London
Oct-14,402300,,London
Nov-14,400803,,London
Dec-14,402898,,London
Jan-15,402847,,London
Feb-15,404773,,London
Mar-15,404706,,London
Apr-15,410445,,London
May-15,415817,,London
Jun-15,419474,,London
Jul-15,431644,,London
Aug-15,436152,,London
Sept-15,439729,,London
Oct-15,440484,,London
Nov-15,445485,,London
Dec-15,450053,,London
Jan-16,457466,,London
Feb-16,457759,,London
Mar-16,464647,,London
Apr-16,461068,,London
May-16,467485,,London
Jun-16,468120,,London
Jul-16,475530,,London
Aug-16,471957,,London
Sept-16,471767,,London
Oct-16,471008,,London
Nov-16,470854,,London
Dec-16,472374,,London
Jan-17,475619,,London
Feb-17,476717,,London
Mar-17,475442,,London
Apr-17,479790,,London
May-17,480902,,London
Jun-17,480152,,London
Jul-17,488527,,London
Aug-17,487085,,London
Sept-17,483833,,London
Oct-17,481762,,London
Nov-17,476290,,London
Dec-17,476848,,London
Jan-18,479772,,London
Feb-18,477860,,London
Mar-18,472357,,London
Apr-18,477253,,London
May-18,478485,,London
Jun-18,479931,,London
Jul-18,484724,,London
Aug-18,479550,,London
Sept-18,476545,,London
Oct-18,480057,,London
Nov-18,474347,,London
Dec-18,473252,,London
Jan-19,470067,,London
Feb-19,466068,,London
Mar-19,464162,,London
Apr-19,469537,,London
May-19,463628,,London
Jun-19,470519,,London
Jul-19,478505,,London
Aug-19,472729,,London
Sept-19,477146,,London
Oct-19,472668,,London
Nov-19,468757,,London
Dec-19,479153,,London
Jan-20,475948,,London
Feb-20,474480,,London
Mar-20,482605,,London
Apr-20,476159,,London
May-20,473225,,London
Jun-20,479969,,London
Jul-20,483830,,London
Aug-20,489424,,London
Sept-20,493205,,London
Oct-20,486212,,London
Nov-20,494552,,London
Dec-20,494193,,London
Jan-21,499115,,London
Feb-21,490384,,London
Mar-21,499862,,London
Apr-21,491221,,London
May-21,486387,,London
Jun-21,505998,,London
Jul-21,497949,,London
Aug-21,510268,,London
Sept-21,509148,,London
Oct-21,507712,,London
Nov-21,509970,,London
Dec-21,510128,,London
Jan-22,517529,,London
Feb-22,519559,,London
Mar-22,517909,,London
Apr-22,523358,,London
May-22,523323,,London
Jun-22,532687,,London
Jul-22,542180,,London
Aug-22,546261,,London
Jan-95,42076,,North East
Feb-95,42572,,North East
Mar-95,42370,,North East
Apr-95,42096,,North East
May-95,43266,,North East
Jun-95,42315,,North East
Jul-95,43288,,North East
Aug-95,41899,,North East
Sept-95,41851,,North East
Oct-95,41688,,North East
Nov-95,41728,,North East
Dec-95,42303,,North East
Jan-96,40790,,North East
Feb-96,40722,,North East
Mar-96,41753,,North East
Apr-96,41588,,North East
May-96,42987,,North East
Jun-96,42848,,North East
Jul-96,42800,,North East
Aug-96,43374,,North East
Sept-96,43082,,North East
Oct-96,42537,,North East
Nov-96,42799,,North East
Dec-96,42636,,North East
Jan-97,42353,,North East
Feb-97,42574,,North East
Mar-97,42735,,North East
Apr-97,43976,,North East
May-97,44090,,North East
Jun-97,44628,,North East
Jul-97,45566,,North East
Aug-97,44793,,North East
Sept-97,43770,,North East
Oct-97,43996,,North East
Nov-97,44049,,North East
Dec-97,44379,,North East
Jan-98,44246,,North East
Feb-98,43510,,North East
Mar-98,44786,,North East
Apr-98,45039,,North East
May-98,45169,,North East
Jun-98,45962,,North East
Jul-98,45789,,North East
Aug-98,46569,,North East
Sept-98,46510,,North East
Oct-98,45548,,North East
Nov-98,45475,,North East
Dec-98,45995,,North East
Jan-99,45467,,North East
Feb-99,43969,,North East
Mar-99,45505,,North East
Apr-99,46042,,North East
May-99,46172,,North East
Jun-99,47671,,North East
Jul-99,47753,,North East
Aug-99,47713,,North East
Sept-99,47740,,North East
Oct-99,48970,,North East
Nov-99,48694,,North East
Dec-99,48298,,North East
Jan-00,47604,,North East
Feb-00,47757,,North East
Mar-00,48678,,North East
Apr-00,49463,,North East
May-00,49780,,North East
Jun-00,49003,,North East
Jul-00,50416,,North East
Aug-00,50702,,North East
Sept-00,49432,,North East
Oct-00,49501,,North East
Nov-00,49024,,North East
Dec-00,50362,,North East
Jan-01,49837,,North East
Feb-01,49045,,North East
Mar-01,49587,,North East
Apr-01,51735,,North East
May-01,52412,,North East
Jun-01,52266,,North East
Jul-01,53353,,North East
Aug-01,55425,,North East
Sept-01,53720,,North East
Oct-01,54201,,North East
Nov-01,54769,,North East
Dec-01,55879,,North East
Jan-02,54746,,North East
Feb-02,54983,,North East
Mar-02,56509,,North East
Apr-02,58178,,North East
May-02,60166,,North East
Jun-02,60958,,North East
Jul-02,63302,,North East
Aug-02,65025,,North East
Sept-02,64455,,North East
Oct-02,66049,,North East
Nov-02,68494,,North East
Dec-02,69491,,North East
Jan-03,67520,,North East
Feb-03,68396,,North East
Mar-03,71926,,North East
Apr-03,75588,,North East
May-03,77026,,North East
Jun-03,78789,,North East
Jul-03,82819,,North East
Aug-03,84389,,North East
Sept-03,84723,,North East
Oct-03,87372,,North East
Nov-03,88701,,North East
Dec-03,89552,,North East
Jan-04,90994,,North East
Feb-04,88520,,North East
Mar-04,93021,,North East
Apr-04,99508,,North East
May-04,102162,,North East
Jun-04,106437,,North East
Jul-04,110089,,North East
Aug-04,111699,,North East
Sept-04,110489,,North East
Oct-04,112205,,North East
Nov-04,109566,,North East
Dec-04,113511,,North East
Jan-05,111474,,North East
Feb-05,110454,,North East
Mar-05,112596,,North East
Apr-05,115579,,North East
May-05,117007,,North East
Jun-05,118615,,North East
Jul-05,121318,,North East
Aug-05,123066,,North East
Sept-05,121255,,North East
Oct-05,121647,,North East
Nov-05,123245,,North East
Dec-05,123089,,North East
Jan-06,123039,,North East
Feb-06,121124,,North East
Mar-06,123786,,North East
Apr-06,126215,,North East
May-06,126767,,North East
Jun-06,129083,,North East
Jul-06,130283,,North East
Aug-06,129962,,North East
Sept-06,131628,,North East
Oct-06,131788,,North East
Nov-06,130774,,North East
Dec-06,134036,,North East
Jan-07,132508,,North East
Feb-07,131175,,North East
Mar-07,132120,,North East
Apr-07,135047,,North East
May-07,135645,,North East
Jun-07,137655,,North East
Jul-07,139400,,North East
Aug-07,138535,,North East
Sept-07,138306,,North East
Oct-07,137946,,North East
Nov-07,138832,,North East
Dec-07,138507,,North East
Jan-08,135418,,North East
Feb-08,135027,,North East
Mar-08,133568,,North East
Apr-08,135960,,North East
May-08,137087,,North East
Jun-08,135464,,North East
Jul-08,132306,,North East
Aug-08,131545,,North East
Sept-08,126926,,North East
Oct-08,124448,,North East
Nov-08,123884,,North East
Dec-08,120275,,North East
Jan-09,118710,,North East
Feb-09,117221,,North East
Mar-09,117079,,North East
Apr-09,118270,,North East
May-09,119532,,North East
Jun-09,120823,,North East
Jul-09,120952,,North East
Aug-09,122676,,North East
Sept-09,123725,,North East
Oct-09,123135,,North East
Nov-09,124131,,North East
Dec-09,125208,,North East
Jan-10,119947,,North East
Feb-10,121984,,North East
Mar-10,123110,,North East
Apr-10,123415,,North East
May-10,122873,,North East
Jun-10,123620,,North East
Jul-10,123348,,North East
Aug-10,126174,,North East
Sept-10,122224,,North East
Oct-10,124799,,North East
Nov-10,120265,,North East
Dec-10,119688,,North East
Jan-11,117111,,North East
Feb-11,116809,,North East
Mar-11,115711,,North East
Apr-11,119438,,North East
May-11,119979,,North East
Jun-11,119671,,North East
Jul-11,117616,,North East
Aug-11,116961,,North East
Sept-11,117236,,North East
Oct-11,116238,,North East
Nov-11,117028,,North East
Dec-11,115328,,North East
Jan-12,113011,,North East
Feb-12,113852,,North East
Mar-12,116622,,North East
Apr-12,116031,,North East
May-12,115601,,North East
Jun-12,117444,,North East
Jul-12,117137,,North East
Aug-12,119749,,North East
Sept-12,118194,,North East
Oct-12,116854,,North East
Nov-12,116777,,North East
Dec-12,114860,,North East
Jan-13,113585,,North East
Feb-13,112008,,North East
Mar-13,115161,,North East
Apr-13,115330,,North East
May-13,115849,,North East
Jun-13,115645,,North East
Jul-13,118564,,North East
Aug-13,120219,,North East
Sept-13,119140,,North East
Oct-13,112868,,North East
Nov-13,116456,,North East
Dec-13,116274,,North East
Jan-14,114531,,North East
Feb-14,114784,,North East
Mar-14,116317,,North East
Apr-14,118315,,North East
May-14,118613,,North East
Jun-14,121217,,North East
Jul-14,121279,,North East
Aug-14,121329,,North East
Sept-14,120251,,North East
Oct-14,118619,,North East
Nov-14,118778,,North East
Dec-14,118798,,North East
Jan-15,117156,,North East
Feb-15,118525,,North East
Mar-15,117578,,North East
Apr-15,121598,,North East
May-15,120610,,North East
Jun-15,122584,,North East
Jul-15,122669,,North East
Aug-15,123621,,North East
Sept-15,123304,,North East
Oct-15,121512,,North East
Nov-15,123032,,North East
Dec-15,123597,,North East
Jan-16,121096,,North East
Feb-16,121085,,North East
Mar-16,122837,,North East
Apr-16,122481,,North East
May-16,124696,,North East
Jun-16,126898,,North East
Jul-16,127710,,North East
Aug-16,126116,,North East
Sept-16,124781,,North East
Oct-16,124213,,North East
Nov-16,124910,,North East
Dec-16,126333,,North East
Jan-17,122055,,North East
Feb-17,124088,,North East
Mar-17,121858,,North East
Apr-17,124897,,North East
May-17,127074,,North East
Jun-17,128096,,North East
Jul-17,127983,,North East
Aug-17,129738,,North East
Sept-17,127527,,North East
Oct-17,128590,,North East
Nov-17,127126,,North East
Dec-17,130118,,North East
Jan-18,124169,,North East
Feb-18,126444,,North East
Mar-18,124038,,North East
Apr-18,128330,,North East
May-18,128840,,North East
Jun-18,128049,,North East
Jul-18,131245,,North East
Aug-18,130376,,North East
Sept-18,130223,,North East
Oct-18,130759,,North East
Nov-18,128894,,North East
Dec-18,128696,,North East
Jan-19,125448,,North East
Feb-19,124533,,North East
Mar-19,124666,,North East
Apr-19,128863,,North East
May-19,128851,,North East
Jun-19,129511,,North East
Jul-19,129844,,North East
Aug-19,131440,,North East
Sept-19,131917,,North East
Oct-19,129316,,North East
Nov-19,129493,,North East
Dec-19,129310,,North East
Jan-20,127346,,North East
Feb-20,126993,,North East
Mar-20,128306,,North East
Apr-20,123222,,North East
May-20,127999,,North East
Jun-20,129666,,North East
Jul-20,130778,,North East
Aug-20,131543,,North East
Sept-20,134794,,North East
Oct-20,134715,,North East
Nov-20,137358,,North East
Dec-20,138980,,North East
Jan-21,139236,,North East
Feb-21,139497,,North East
Mar-21,142511,,North East
Apr-21,140152,,North East
May-21,140024,,North East
Jun-21,152441,,North East
Jul-21,141382,,North East
Aug-21,143867,,North East
Sept-21,154819,,North East
Oct-21,143484,,North East
Nov-21,145798,,North East
Dec-21,146618,,North East
Jan-22,148902,,North East
Feb-22,149301,,North East
Mar-22,150956,,North East
Apr-22,152819,,North East
May-22,153535,,North East
Jun-22,155655,,North East
Jul-22,161086,,North East
Aug-22,162852,,North East
Jan-95,43958,,North West
Feb-95,43925,,North West
Mar-95,44435,,North West
Apr-95,44268,,North West
May-95,44224,,North West
Jun-95,44113,,North West
Jul-95,44110,,North West
Aug-95,44194,,North West
Sept-95,44088,,North West
Oct-95,43110,,North West
Nov-95,43335,,North West
Dec-95,43374,,North West
Jan-96,42599,,North West
Feb-96,43081,,North West
Mar-96,43163,,North West
Apr-96,43390,,North West
May-96,43924,,North West
Jun-96,43872,,North West
Jul-96,44307,,North West
Aug-96,44595,,North West
Sept-96,44639,,North West
Oct-96,44473,,North West
Nov-96,44455,,North West
Dec-96,44641,,North West
Jan-97,44095,,North West
Feb-97,44691,,North West
Mar-97,45054,,North West
Apr-97,44946,,North West
May-97,45704,,North West
Jun-97,46450,,North West
Jul-97,46223,,North West
Aug-97,46873,,North West
Sept-97,46959,,North West
Oct-97,46519,,North West
Nov-97,46719,,North West
Dec-97,46266,,North West
Jan-98,46309,,North West
Feb-98,45834,,North West
Mar-98,46318,,North West
Apr-98,47647,,North West
May-98,48398,,North West
Jun-98,48056,,North West
Jul-98,48451,,North West
Aug-98,48136,,North West
Sept-98,48319,,North West
Oct-98,48095,,North West
Nov-98,48075,,North West
Dec-98,48397,,North West
Jan-99,47593,,North West
Feb-99,47474,,North West
Mar-99,48068,,North West
Apr-99,49400,,North West
May-99,50010,,North West
Jun-99,50187,,North West
Jul-99,50873,,North West
Aug-99,51335,,North West
Sept-99,51541,,North West
Oct-99,51421,,North West
Nov-99,51780,,North West
Dec-99,52056,,North West
Jan-00,51177,,North West
Feb-00,50975,,North West
Mar-00,52419,,North West
Apr-00,53612,,North West
May-00,53590,,North West
Jun-00,53453,,North West
Jul-00,54299,,North West
Aug-00,55001,,North West
Sept-00,54916,,North West
Oct-00,55245,,North West
Nov-00,55433,,North West
Dec-00,56079,,North West
Jan-01,55927,,North West
Feb-01,55380,,North West
Mar-01,55698,,North West
Apr-01,57500,,North West
May-01,57694,,North West
Jun-01,59276,,North West
Jul-01,60084,,North West
Aug-01,60726,,North West
Sept-01,61271,,North West
Oct-01,61151,,North West
Nov-01,61510,,North West
Dec-01,62331,,North West
Jan-02,61872,,North West
Feb-02,61566,,North West
Mar-02,63660,,North West
Apr-02,64596,,North West
May-02,67351,,North West
Jun-02,68494,,North West
Jul-02,70780,,North West
Aug-02,71765,,North West
Sept-02,71768,,North West
Oct-02,72562,,North West
Nov-02,74763,,North West
Dec-02,75567,,North West
Jan-03,76069,,North West
Feb-03,75939,,North West
Mar-03,76959,,North West
Apr-03,80698,,North West
May-03,82862,,North West
Jun-03,84244,,North West
Jul-03,87160,,North West
Aug-03,89471,,North West
Sept-03,89616,,North West
Oct-03,91689,,North West
Nov-03,93428,,North West
Dec-03,96223,,North West
Jan-04,95632,,North West
Feb-04,96905,,North West
Mar-04,98505,,North West
Apr-04,104383,,North West
May-04,108067,,North West
Jun-04,111344,,North West
Jul-04,115878,,North West
Aug-04,117150,,North West
Sept-04,117771,,North West
Oct-04,118500,,North West
Nov-04,119980,,North West
Dec-04,120191,,North West
Jan-05,118939,,North West
Feb-05,117630,,North West
Mar-05,120919,,North West
Apr-05,123118,,North West
May-05,125769,,North West
Jun-05,127557,,North West
Jul-05,128994,,North West
Aug-05,130263,,North West
Sept-05,130291,,North West
Oct-05,129915,,North West
Nov-05,130312,,North West
Dec-05,132554,,North West
Jan-06,130144,,North West
Feb-06,131609,,North West
Mar-06,131139,,North West
Apr-06,135797,,North West
May-06,136328,,North West
Jun-06,138412,,North West
Jul-06,139630,,North West
Aug-06,140071,,North West
Sept-06,141339,,North West
Oct-06,141121,,North West
Nov-06,142273,,North West
Dec-06,143832,,North West
Jan-07,142760,,North West
Feb-07,143625,,North West
Mar-07,143912,,North West
Apr-07,146541,,North West
May-07,147774,,North West
Jun-07,149942,,North West
Jul-07,150382,,North West
Aug-07,151511,,North West
Sept-07,151088,,North West
Oct-07,151346,,North West
Nov-07,150751,,North West
Dec-07,152427,,North West
Jan-08,148289,,North West
Feb-08,146830,,North West
Mar-08,144962,,North West
Apr-08,147411,,North West
May-08,146681,,North West
Jun-08,146137,,North West
Jul-08,143839,,North West
Aug-08,142260,,North West
Sept-08,137890,,North West
Oct-08,136469,,North West
Nov-08,132872,,North West
Dec-08,131533,,North West
Jan-09,127472,,North West
Feb-09,126938,,North West
Mar-09,124654,,North West
Apr-09,127765,,North West
May-09,128224,,North West
Jun-09,128858,,North West
Jul-09,130826,,North West
Aug-09,131723,,North West
Sept-09,132352,,North West
Oct-09,133220,,North West
Nov-09,133662,,North West
Dec-09,135758,,North West
Jan-10,131060,,North West
Feb-10,133089,,North West
Mar-10,131297,,North West
Apr-10,134160,,North West
May-10,134292,,North West
Jun-10,134718,,North West
Jul-10,133975,,North West
Aug-10,135743,,North West
Sept-10,134331,,North West
Oct-10,133166,,North West
Nov-10,131198,,North West
Dec-10,131347,,North West
Jan-11,129892,,North West
Feb-11,128951,,North West
Mar-11,127767,,North West
Apr-11,129500,,North West
May-11,128753,,North West
Jun-11,128484,,North West
Jul-11,130275,,North West
Aug-11,131341,,North West
Sept-11,130472,,North West
Oct-11,129674,,North West
Nov-11,127346,,North West
Dec-11,128039,,North West
Jan-12,125780,,North West
Feb-12,127311,,North West
Mar-12,127820,,North West
Apr-12,128284,,North West
May-12,127459,,North West
Jun-12,129810,,North West
Jul-12,129030,,North West
Aug-12,130137,,North West
Sept-12,129970,,North West
Oct-12,126997,,North West
Nov-12,128922,,North West
Dec-12,127862,,North West
Jan-13,124578,,North West
Feb-13,127100,,North West
Mar-13,126970,,North West
Apr-13,127515,,North West
May-13,128085,,North West
Jun-13,129600,,North West
Jul-13,129713,,North West
Aug-13,131532,,North West
Sept-13,131408,,North West
Oct-13,129085,,North West
Nov-13,130047,,North West
Dec-13,131350,,North West
Jan-14,129790,,North West
Feb-14,131370,,North West
Mar-14,130061,,North West
Apr-14,133616,,North West
May-14,134136,,North West
Jun-14,135870,,North West
Jul-14,136629,,North West
Aug-14,138230,,North West
Sept-14,138050,,North West
Oct-14,137383,,North West
Nov-14,136864,,North West
Dec-14,136688,,North West
Jan-15,136041,,North West
Feb-15,137141,,North West
Mar-15,135261,,North West
Apr-15,137256,,North West
May-15,139668,,North West
Jun-15,139138,,North West
Jul-15,141510,,North West
Aug-15,142463,,North West
Sept-15,142769,,North West
Oct-15,142082,,North West
Nov-15,142829,,North West
Dec-15,142866,,North West
Jan-16,143139,,North West
Feb-16,143009,,North West
Mar-16,141447,,North West
Apr-16,146681,,North West
May-16,147753,,North West
Jun-16,148176,,North West
Jul-16,150341,,North West
Aug-16,150174,,North West
Sept-16,150038,,North West
Oct-16,148332,,North West
Nov-16,149723,,North West
Dec-16,149560,,North West
Jan-17,149371,,North West
Feb-17,150960,,North West
Mar-17,149615,,North West
Apr-17,152217,,North West
May-17,153126,,North West
Jun-17,155061,,North West
Jul-17,156761,,North West
Aug-17,158252,,North West
Sept-17,157751,,North West
Oct-17,157301,,North West
Nov-17,157804,,North West
Dec-17,158863,,North West
Jan-18,155596,,North West
Feb-18,157519,,North West
Mar-18,155625,,North West
Apr-18,157768,,North West
May-18,158823,,North West
Jun-18,160314,,North West
Jul-18,162345,,North West
Aug-18,163092,,North West
Sept-18,163068,,North West
Oct-18,163838,,North West
Nov-18,163186,,North West
Dec-18,162769,,North West
Jan-19,161409,,North West
Feb-19,162066,,North West
Mar-19,160670,,North West
Apr-19,162254,,North West
May-19,163986,,North West
Jun-19,163809,,North West
Jul-19,166118,,North West
Aug-19,167693,,North West
Sept-19,167011,,North West
Oct-19,166780,,North West
Nov-19,166081,,North West
Dec-19,165148,,North West
Jan-20,164563,,North West
Feb-20,164760,,North West
Mar-20,166588,,North West
Apr-20,163904,,North West
May-20,164258,,North West
Jun-20,168769,,North West
Jul-20,171303,,North West
Aug-20,173316,,North West
Sept-20,174352,,North West
Oct-20,177827,,North West
Nov-20,178595,,North West
Dec-20,181696,,North West
Jan-21,182234,,North West
Feb-21,184710,,North West
Mar-21,186939,,North West
Apr-21,184388,,North West
May-21,184621,,North West
Jun-21,199989,,North West
Jul-21,183796,,North West
Aug-21,189930,,North West
Sept-21,200667,,North West
Oct-21,189810,,North West
Nov-21,195127,,North West
Dec-21,197318,,North West
Jan-22,200506,,North West
Feb-22,201250,,North West
Mar-22,202367,,North West
Apr-22,203690,,North West
May-22,207044,,North West
Jun-22,209709,,North West
Jul-22,215102,,North West
Aug-22,217325,,North West
Jan-95,64019,,South East
Feb-95,63715,,South East
Mar-95,64114,,South East
Apr-95,64623,,South East
May-95,64530,,South East
Jun-95,65511,,South East
Jul-95,65225,,South East
Aug-95,64852,,South East
Sept-95,64352,,South East
Oct-95,64126,,South East
Nov-95,64416,,South East
Dec-95,64261,,South East
Jan-96,64057,,South East
Feb-96,63770,,South East
Mar-96,63809,,South East
Apr-96,64985,,South East
May-96,65344,,South East
Jun-96,65927,,South East
Jul-96,67001,,South East
Aug-96,67333,,South East
Sept-96,67196,,South East
Oct-96,67133,,South East
Nov-96,67967,,South East
Dec-96,68772,,South East
Jan-97,69008,,South East
Feb-97,69675,,South East
Mar-97,70721,,South East
Apr-97,71955,,South East
May-97,73359,,South East
Jun-97,74440,,South East
Jul-97,75787,,South East
Aug-97,77465,,South East
Sept-97,78067,,South East
Oct-97,79067,,South East
Nov-97,79955,,South East
Dec-97,79839,,South East
Jan-98,79976,,South East
Feb-98,80218,,South East
Mar-98,81185,,South East
Apr-98,83176,,South East
May-98,83993,,South East
Jun-98,85019,,South East
Jul-98,85994,,South East
Aug-98,86862,,South East
Sept-98,86723,,South East
Oct-98,86847,,South East
Nov-98,86952,,South East
Dec-98,86784,,South East
Jan-99,87346,,South East
Feb-99,87443,,South East
Mar-99,88024,,South East
Apr-99,89754,,South East
May-99,90801,,South East
Jun-99,92489,,South East
Jul-99,94135,,South East
Aug-99,96538,,South East
Sept-99,99137,,South East
Oct-99,99999,,South East
Nov-99,101397,,South East
Dec-99,103346,,South East
Jan-00,104358,,South East
Feb-00,104721,,South East
Mar-00,107765,,South East
Apr-00,111947,,South East
May-00,113099,,South East
Jun-00,115640,,South East
Jul-00,116597,,South East
Aug-00,118743,,South East
Sept-00,118166,,South East
Oct-00,118370,,South East
Nov-00,117929,,South East
Dec-00,118983,,South East
Jan-01,118668,,South East
Feb-01,119198,,South East
Mar-01,120770,,South East
Apr-01,123754,,South East
May-01,125086,,South East
Jun-01,127693,,South East
Jul-01,129751,,South East
Aug-01,131743,,South East
Sept-01,132693,,South East
Oct-01,134038,,South East
Nov-01,135285,,South East
Dec-01,136468,,South East
Jan-02,137154,,South East
Feb-02,136801,,South East
Mar-02,139425,,South East
Apr-02,141861,,South East
May-02,146013,,South East
Jun-02,149123,,South East
Jul-02,153199,,South East
Aug-02,157672,,South East
Sept-02,159843,,South East
Oct-02,162290,,South East
Nov-02,164980,,South East
Dec-02,166939,,South East
Jan-03,169024,,South East
Feb-03,169132,,South East
Mar-03,170871,,South East
Apr-03,172240,,South East
May-03,173815,,South East
Jun-03,175525,,South East
Jul-03,177245,,South East
Aug-03,177730,,South East
Sept-03,176384,,South East
Oct-03,179187,,South East
Nov-03,180240,,South East
Dec-03,180699,,South East
Jan-04,182139,,South East
Feb-04,183091,,South East
Mar-04,184545,,South East
Apr-04,186611,,South East
May-04,189893,,South East
Jun-04,192250,,South East
Jul-04,194728,,South East
Aug-04,198248,,South East
Sept-04,197736,,South East
Oct-04,197557,,South East
Nov-04,199497,,South East
Dec-04,197794,,South East
Jan-05,195620,,South East
Feb-05,196482,,South East
Mar-05,196494,,South East
Apr-05,197998,,South East
May-05,198849,,South East
Jun-05,199220,,South East
Jul-05,200336,,South East
Aug-05,200950,,South East
Sept-05,201181,,South East
Oct-05,199322,,South East
Nov-05,200577,,South East
Dec-05,200784,,South East
Jan-06,201252,,South East
Feb-06,201878,,South East
Mar-06,202726,,South East
Apr-06,205285,,South East
May-06,208458,,South East
Jun-06,209556,,South East
Jul-06,211719,,South East
Aug-06,213017,,South East
Sept-06,214854,,South East
Oct-06,214634,,South East
Nov-06,216507,,South East
Dec-06,219389,,South East
Jan-07,220546,,South East
Feb-07,219879,,South East
Mar-07,221581,,South East
Apr-07,225548,,South East
May-07,230061,,South East
Jun-07,231684,,South East
Jul-07,235796,,South East
Aug-07,236007,,South East
Sept-07,238302,,South East
Oct-07,238845,,South East
Nov-07,238670,,South East
Dec-07,237099,,South East
Jan-08,235300,,South East
Feb-08,231825,,South East
Mar-08,232495,,South East
Apr-08,230863,,South East
May-08,232076,,South East
Jun-08,229212,,South East
Jul-08,227808,,South East
Aug-08,220523,,South East
Sept-08,215167,,South East
Oct-08,209022,,South East
Nov-08,203088,,South East
Dec-08,200350,,South East
Jan-09,194568,,South East
Feb-09,191720,,South East
Mar-09,191156,,South East
Apr-09,193112,,South East
May-09,196756,,South East
Jun-09,199318,,South East
Jul-09,202557,,South East
Aug-09,206729,,South East
Sept-09,209426,,South East
Oct-09,210508,,South East
Nov-09,212153,,South East
Dec-09,211679,,South East
Jan-10,217936,,South East
Feb-10,217339,,South East
Mar-10,216665,,South East
Apr-10,218270,,South East
May-10,220434,,South East
Jun-10,222047,,South East
Jul-10,224554,,South East
Aug-10,224123,,South East
Sept-10,224587,,South East
Oct-10,221298,,South East
Nov-10,219815,,South East
Dec-10,218657,,South East
Jan-11,216680,,South East
Feb-11,217190,,South East
Mar-11,215778,,South East
Apr-11,218178,,South East
May-11,218577,,South East
Jun-11,219162,,South East
Jul-11,222005,,South East
Aug-11,220344,,South East
Sept-11,221239,,South East
Oct-11,218309,,South East
Nov-11,219732,,South East
Dec-11,219371,,South East
Jan-12,217660,,South East
Feb-12,218487,,South East
Mar-12,219094,,South East
Apr-12,223223,,South East
May-12,223509,,South East
Jun-12,224379,,South East
Jul-12,226770,,South East
Aug-12,227861,,South East
Sept-12,228457,,South East
Oct-12,224927,,South East
Nov-12,224563,,South East
Dec-12,225865,,South East
Jan-13,225210,,South East
Feb-13,223861,,South East
Mar-13,225295,,South East
Apr-13,227862,,South East
May-13,228343,,South East
Jun-13,230987,,South East
Jul-13,233752,,South East
Aug-13,234507,,South East
Sept-13,235143,,South East
Oct-13,235311,,South East
Nov-13,237224,,South East
Dec-13,238975,,South East
Jan-14,240961,,South East
Feb-14,241314,,South East
Mar-14,243371,,South East
Apr-14,247105,,South East
May-14,251395,,South East
Jun-14,253441,,South East
Jul-14,257701,,South East
Aug-14,261254,,South East
Sept-14,263171,,South East
Oct-14,263518,,South East
Nov-14,262969,,South East
Dec-14,264217,,South East
Jan-15,264848,,South East
Feb-15,264568,,South East
Mar-15,265090,,South East
Apr-15,268550,,South East
May-15,271147,,South East
Jun-15,275224,,South East
Jul-15,279875,,South East
Aug-15,283369,,South East
Sept-15,284374,,South East
Oct-15,286452,,South East
Nov-15,288509,,South East
Dec-15,291298,,South East
Jan-16,293678,,South East
Feb-16,295613,,South East
Mar-16,300201,,South East
Apr-16,297712,,South East
May-16,301202,,South East
Jun-16,305125,,South East
Jul-16,309069,,South East
Aug-16,309981,,South East
Sept-16,307429,,South East
Oct-16,307992,,South East
Nov-16,307867,,South East
Dec-16,309185,,South East
Jan-17,312895,,South East
Feb-17,310033,,South East
Mar-17,310447,,South East
Apr-17,313583,,South East
May-17,315314,,South East
Jun-17,318364,,South East
Jul-17,321088,,South East
Aug-17,323089,,South East
Sept-17,322596,,South East
Oct-17,322066,,South East
Nov-17,320212,,South East
Dec-17,320733,,South East
Jan-18,320978,,South East
Feb-18,321375,,South East
Mar-18,319876,,South East
Apr-18,321353,,South East
May-18,321825,,South East
Jun-18,324665,,South East
Jul-18,327091,,South East
Aug-18,328061,,South East
Sept-18,327054,,South East
Oct-18,324475,,South East
Nov-18,323266,,South East
Dec-18,321118,,South East
Jan-19,322226,,South East
Feb-19,320095,,South East
Mar-19,317129,,South East
Apr-19,318912,,South East
May-19,318250,,South East
Jun-19,320835,,South East
Jul-19,322549,,South East
Aug-19,322720,,South East
Sept-19,323762,,South East
Oct-19,322285,,South East
Nov-19,322200,,South East
Dec-19,321278,,South East
Jan-20,321704,,South East
Feb-20,318182,,South East
Mar-20,323167,,South East
Apr-20,325154,,South East
May-20,320817,,South East
Jun-20,322024,,South East
Jul-20,325748,,South East
Aug-20,329417,,South East
Sept-20,331926,,South East
Oct-20,332489,,South East
Nov-20,336738,,South East
Dec-20,337686,,South East
Jan-21,340552,,South East
Feb-21,339787,,South East
Mar-21,344724,,South East
Apr-21,342086,,South East
May-21,342227,,South East
Jun-21,358629,,South East
Jul-21,344318,,South East
Aug-21,354370,,South East
Sept-21,365884,,South East
Oct-21,361533,,South East
Nov-21,365907,,South East
Dec-21,367597,,South East
Jan-22,375257,,South East
Feb-22,375240,,South East
Mar-22,379314,,South East
Apr-22,380275,,South East
May-22,384837,,South East
Jun-22,389250,,South East
Jul-22,396247,,South East
Aug-22,402559,,South East
Jan-95,54705,,South West
Feb-95,54356,,South West
Mar-95,53583,,South West
Apr-95,54786,,South West
May-95,54699,,South West
Jun-95,54420,,South West
Jul-95,54266,,South West
Aug-95,54366,,South West
Sept-95,54244,,South West
Oct-95,54265,,South West
Nov-95,53799,,South West
Dec-95,53081,,South West
Jan-96,53373,,South West
Feb-96,53255,,South West
Mar-96,53608,,South West
Apr-96,54762,,South West
May-96,54871,,South West
Jun-96,55076,,South West
Jul-96,55958,,South West
Aug-96,56224,,South West
Sept-96,56444,,South West
Oct-96,56786,,South West
Nov-96,57182,,South West
Dec-96,56951,,South West
Jan-97,57751,,South West
Feb-97,57921,,South West
Mar-97,58623,,South West
Apr-97,59538,,South West
May-97,59732,,South West
Jun-97,60592,,South West
Jul-97,61532,,South West
Aug-97,62591,,South West
Sept-97,62991,,South West
Oct-97,63110,,South West
Nov-97,64054,,South West
Dec-97,63445,,South West
Jan-98,64148,,South West
Feb-98,63963,,South West
Mar-98,64870,,South West
Apr-98,66258,,South West
May-98,67018,,South West
Jun-98,66736,,South West
Jul-98,68712,,South West
Aug-98,68913,,South West
Sept-98,68213,,South West
Oct-98,68126,,South West
Nov-98,68951,,South West
Dec-98,68368,,South West
Jan-99,69448,,South West
Feb-99,69380,,South West
Mar-99,70924,,South West
Apr-99,71531,,South West
May-99,72521,,South West
Jun-99,73632,,South West
Jul-99,74976,,South West
Aug-99,75894,,South West
Sept-99,78103,,South West
Oct-99,78979,,South West
Nov-99,79882,,South West
Dec-99,81210,,South West
Jan-00,81381,,South West
Feb-00,82595,,South West
Mar-00,84214,,South West
Apr-00,86912,,South West
May-00,88141,,South West
Jun-00,89406,,South West
Jul-00,91214,,South West
Aug-00,92258,,South West
Sept-00,92647,,South West
Oct-00,92617,,South West
Nov-00,92584,,South West
Dec-00,92016,,South West
Jan-01,92100,,South West
Feb-01,92717,,South West
Mar-01,94674,,South West
Apr-01,97798,,South West
May-01,98508,,South West
Jun-01,99762,,South West
Jul-01,102517,,South West
Aug-01,104465,,South West
Sept-01,105619,,South West
Oct-01,106765,,South West
Nov-01,107209,,South West
Dec-01,107601,,South West
Jan-02,108960,,South West
Feb-02,109637,,South West
Mar-02,113298,,South West
Apr-02,115278,,South West
May-02,118717,,South West
Jun-02,122468,,South West
Jul-02,126349,,South West
Aug-02,129887,,South West
Sept-02,132198,,South West
Oct-02,135148,,South West
Nov-02,137401,,South West
Dec-02,138960,,South West
Jan-03,141452,,South West
Feb-03,140641,,South West
Mar-03,143651,,South West
Apr-03,145317,,South West
May-03,147079,,South West
Jun-03,148955,,South West
Jul-03,151149,,South West
Aug-03,151746,,South West
Sept-03,152814,,South West
Oct-03,154585,,South West
Nov-03,154304,,South West
Dec-03,157032,,South West
Jan-04,158495,,South West
Feb-04,158169,,South West
Mar-04,161520,,South West
Apr-04,165311,,South West
May-04,168379,,South West
Jun-04,172331,,South West
Jul-04,175460,,South West
Aug-04,176345,,South West
Sept-04,178524,,South West
Oct-04,178088,,South West
Nov-04,179185,,South West
Dec-04,177553,,South West
Jan-05,175838,,South West
Feb-05,176020,,South West
Mar-05,176376,,South West
Apr-05,177112,,South West
May-05,177973,,South West
Jun-05,178555,,South West
Jul-05,180979,,South West
Aug-05,180356,,South West
Sept-05,180846,,South West
Oct-05,180883,,South West
Nov-05,180778,,South West
Dec-05,181798,,South West
Jan-06,181152,,South West
Feb-06,180356,,South West
Mar-06,183672,,South West
Apr-06,185201,,South West
May-06,187087,,South West
Jun-06,189380,,South West
Jul-06,191277,,South West
Aug-06,193535,,South West
Sept-06,193878,,South West
Oct-06,195904,,South West
Nov-06,197357,,South West
Dec-06,198583,,South West
Jan-07,197597,,South West
Feb-07,198960,,South West
Mar-07,201839,,South West
Apr-07,202684,,South West
May-07,205886,,South West
Jun-07,207413,,South West
Jul-07,210108,,South West
Aug-07,211402,,South West
Sept-07,212666,,South West
Oct-07,211641,,South West
Nov-07,211624,,South West
Dec-07,209153,,South West
Jan-08,207936,,South West
Feb-08,203729,,South West
Mar-08,202208,,South West
Apr-08,203157,,South West
May-08,203439,,South West
Jun-08,199568,,South West
Jul-08,198090,,South West
Aug-08,194290,,South West
Sept-08,190686,,South West
Oct-08,186431,,South West
Nov-08,179719,,South West
Dec-08,175280,,South West
Jan-09,173483,,South West
Feb-09,173252,,South West
Mar-09,171666,,South West
Apr-09,171356,,South West
May-09,174181,,South West
Jun-09,177983,,South West
Jul-09,179938,,South West
Aug-09,181846,,South West
Sept-09,184484,,South West
Oct-09,184995,,South West
Nov-09,185919,,South West
Dec-09,186816,,South West
Jan-10,188404,,South West
Feb-10,189126,,South West
Mar-10,188491,,South West
Apr-10,190514,,South West
May-10,192511,,South West
Jun-10,193285,,South West
Jul-10,194617,,South West
Aug-10,196163,,South West
Sept-10,195803,,South West
Oct-10,194165,,South West
Nov-10,191693,,South West
Dec-10,189735,,South West
Jan-11,188992,,South West
Feb-11,187669,,South West
Mar-11,187586,,South West
Apr-11,188251,,South West
May-11,187412,,South West
Jun-11,189494,,South West
Jul-11,191264,,South West
Aug-11,191964,,South West
Sept-11,189499,,South West
Oct-11,189765,,South West
Nov-11,188933,,South West
Dec-11,187426,,South West
Jan-12,189942,,South West
Feb-12,189653,,South West
Mar-12,188079,,South West
Apr-12,190924,,South West
May-12,190367,,South West
Jun-12,191813,,South West
Jul-12,193530,,South West
Aug-12,192032,,South West
Sept-12,191674,,South West
Oct-12,191820,,South West
Nov-12,191426,,South West
Dec-12,187901,,South West
Jan-13,189820,,South West
Feb-13,189236,,South West
Mar-13,190494,,South West
Apr-13,193336,,South West
May-13,192848,,South West
Jun-13,193267,,South West
Jul-13,195066,,South West
Aug-13,196500,,South West
Sept-13,198055,,South West
Oct-13,197254,,South West
Nov-13,197476,,South West
Dec-13,198613,,South West
Jan-14,198252,,South West
Feb-14,198985,,South West
Mar-14,200618,,South West
Apr-14,204087,,South West
May-14,204098,,South West
Jun-14,204781,,South West
Jul-14,209034,,South West
Aug-14,211731,,South West
Sept-14,213432,,South West
Oct-14,212152,,South West
Nov-14,210799,,South West
Dec-14,211576,,South West
Jan-15,212878,,South West
Feb-15,210050,,South West
Mar-15,212109,,South West
Apr-15,214541,,South West
May-15,215498,,South West
Jun-15,217582,,South West
Jul-15,220044,,South West
Aug-15,223210,,South West
Sept-15,224435,,South West
Oct-15,224226,,South West
Nov-15,226490,,South West
Dec-15,226855,,South West
Jan-16,226547,,South West
Feb-16,227523,,South West
Mar-16,233607,,South West
Apr-16,227636,,South West
May-16,231318,,South West
Jun-16,233700,,South West
Jul-16,235665,,South West
Aug-16,236832,,South West
Sept-16,237148,,South West
Oct-16,235617,,South West
Nov-16,237150,,South West
Dec-16,236288,,South West
Jan-17,238829,,South West
Feb-17,239143,,South West
Mar-17,238248,,South West
Apr-17,240489,,South West
May-17,242531,,South West
Jun-17,245039,,South West
Jul-17,248904,,South West
Aug-17,250432,,South West
Sept-17,249369,,South West
Oct-17,250981,,South West
Nov-17,249345,,South West
Dec-17,249309,,South West
Jan-18,252533,,South West
Feb-18,250793,,South West
Mar-18,250615,,South West
Apr-18,250254,,South West
May-18,251132,,South West
Jun-18,252603,,South West
Jul-18,256893,,South West
Aug-18,258465,,South West
Sept-18,258839,,South West
Oct-18,256898,,South West
Nov-18,256928,,South West
Dec-18,256577,,South West
Jan-19,254632,,South West
Feb-19,255243,,South West
Mar-19,253051,,South West
Apr-19,252921,,South West
May-19,252527,,South West
Jun-19,252692,,South West
Jul-19,258177,,South West
Aug-19,258322,,South West
Sept-19,258780,,South West
Oct-19,258647,,South West
Nov-19,256540,,South West
Dec-19,256349,,South West
Jan-20,257494,,South West
Feb-20,256208,,South West
Mar-20,259458,,South West
Apr-20,256514,,South West
May-20,256208,,South West
Jun-20,259382,,South West
Jul-20,263582,,South West
Aug-20,265158,,South West
Sept-20,269727,,South West
Oct-20,271744,,South West
Nov-20,273200,,South West
Dec-20,276477,,South West
Jan-21,277271,,South West
Feb-21,277987,,South West
Mar-21,282898,,South West
Apr-21,279228,,South West
May-21,276754,,South West
Jun-21,298345,,South West
Jul-21,273770,,South West
Aug-21,287201,,South West
Sept-21,300793,,South West
Oct-21,295103,,South West
Nov-21,302037,,South West
Dec-21,303780,,South West
Jan-22,308148,,South West
Feb-22,309384,,South West
Mar-22,311716,,South West
Apr-22,316352,,South West
May-22,321390,,South West
Jun-22,321347,,South West
Jul-22,329477,,South West
Aug-22,335339,,South West
Jan-95,48528,,West Midlands
Feb-95,49341,,West Midlands
Mar-95,49442,,West Midlands
Apr-95,49456,,West Midlands
May-95,50370,,West Midlands
Jun-95,50100,,West Midlands
Jul-95,49860,,West Midlands
Aug-95,49598,,West Midlands
Sept-95,49320,,West Midlands
Oct-95,49598,,West Midlands
Nov-95,48500,,West Midlands
Dec-95,49030,,West Midlands
Jan-96,47952,,West Midlands
Feb-96,48646,,West Midlands
Mar-96,48811,,West Midlands
Apr-96,48753,,West Midlands
May-96,50098,,West Midlands
Jun-96,49846,,West Midlands
Jul-96,50430,,West Midlands
Aug-96,51189,,West Midlands
Sept-96,50847,,West Midlands
Oct-96,50979,,West Midlands
Nov-96,51598,,West Midlands
Dec-96,51418,,West Midlands
Jan-97,51120,,West Midlands
Feb-97,51443,,West Midlands
Mar-97,52104,,West Midlands
Apr-97,52548,,West Midlands
May-97,53616,,West Midlands
Jun-97,53806,,West Midlands
Jul-97,54310,,West Midlands
Aug-97,55301,,West Midlands
Sept-97,54852,,West Midlands
Oct-97,54235,,West Midlands
Nov-97,54736,,West Midlands
Dec-97,55536,,West Midlands
Jan-98,55163,,West Midlands
Feb-98,55109,,West Midlands
Mar-98,55160,,West Midlands
Apr-98,56192,,West Midlands
May-98,56858,,West Midlands
Jun-98,57404,,West Midlands
Jul-98,57718,,West Midlands
Aug-98,58324,,West Midlands
Sept-98,57766,,West Midlands
Oct-98,57781,,West Midlands
Nov-98,57647,,West Midlands
Dec-98,57832,,West Midlands
Jan-99,58274,,West Midlands
Feb-99,57670,,West Midlands
Mar-99,58333,,West Midlands
Apr-99,59152,,West Midlands
May-99,59886,,West Midlands
Jun-99,60904,,West Midlands
Jul-99,61658,,West Midlands
Aug-99,62499,,West Midlands
Sept-99,62542,,West Midlands
Oct-99,63172,,West Midlands
Nov-99,63408,,West Midlands
Dec-99,63944,,West Midlands
Jan-00,63833,,West Midlands
Feb-00,64137,,West Midlands
Mar-00,64648,,West Midlands
Apr-00,66676,,West Midlands
May-00,67270,,West Midlands
Jun-00,68165,,West Midlands
Jul-00,68916,,West Midlands
Aug-00,69835,,West Midlands
Sept-00,69754,,West Midlands
Oct-00,69406,,West Midlands
Nov-00,70594,,West Midlands
Dec-00,71234,,West Midlands
Jan-01,71065,,West Midlands
Feb-01,71384,,West Midlands
Mar-01,72689,,West Midlands
Apr-01,74436,,West Midlands
May-01,75471,,West Midlands
Jun-01,76019,,West Midlands
Jul-01,76463,,West Midlands
Aug-01,78646,,West Midlands
Sept-01,78671,,West Midlands
Oct-01,78652,,West Midlands
Nov-01,79834,,West Midlands
Dec-01,80779,,West Midlands
Jan-02,80653,,West Midlands
Feb-02,80881,,West Midlands
Mar-02,83416,,West Midlands
Apr-02,85464,,West Midlands
May-02,88015,,West Midlands
Jun-02,90683,,West Midlands
Jul-02,92437,,West Midlands
Aug-02,95134,,West Midlands
Sept-02,96813,,West Midlands
Oct-02,98653,,West Midlands
Nov-02,100767,,West Midlands
Dec-02,102749,,West Midlands
Jan-03,104468,,West Midlands
Feb-03,104109,,West Midlands
Mar-03,107284,,West Midlands
Apr-03,108791,,West Midlands
May-03,111250,,West Midlands
Jun-03,111828,,West Midlands
Jul-03,114213,,West Midlands
Aug-03,117481,,West Midlands
Sept-03,116867,,West Midlands
Oct-03,118832,,West Midlands
Nov-03,120803,,West Midlands
Dec-03,123394,,West Midlands
Jan-04,122858,,West Midlands
Feb-04,124026,,West Midlands
Mar-04,125958,,West Midlands
Apr-04,129480,,West Midlands
May-04,131961,,West Midlands
Jun-04,136181,,West Midlands
Jul-04,138858,,West Midlands
Aug-04,140986,,West Midlands
Sept-04,141105,,West Midlands
Oct-04,142228,,West Midlands
Nov-04,142444,,West Midlands
Dec-04,142696,,West Midlands
Jan-05,140028,,West Midlands
Feb-05,141548,,West Midlands
Mar-05,141930,,West Midlands
Apr-05,143202,,West Midlands
May-05,144167,,West Midlands
Jun-05,146219,,West Midlands
Jul-05,147649,,West Midlands
Aug-05,148529,,West Midlands
Sept-05,147680,,West Midlands
Oct-05,147573,,West Midlands
Nov-05,148518,,West Midlands
Dec-05,148914,,West Midlands
Jan-06,147576,,West Midlands
Feb-06,148738,,West Midlands
Mar-06,148994,,West Midlands
Apr-06,150422,,West Midlands
May-06,154180,,West Midlands
Jun-06,153497,,West Midlands
Jul-06,153551,,West Midlands
Aug-06,155921,,West Midlands
Sept-06,156665,,West Midlands
Oct-06,156493,,West Midlands
Nov-06,157410,,West Midlands
Dec-06,158291,,West Midlands
Jan-07,157384,,West Midlands
Feb-07,157787,,West Midlands
Mar-07,158644,,West Midlands
Apr-07,161809,,West Midlands
May-07,162202,,West Midlands
Jun-07,162624,,West Midlands
Jul-07,163918,,West Midlands
Aug-07,165807,,West Midlands
Sept-07,165011,,West Midlands
Oct-07,165390,,West Midlands
Nov-07,164201,,West Midlands
Dec-07,165241,,West Midlands
Jan-08,161758,,West Midlands
Feb-08,162208,,West Midlands
Mar-08,160432,,West Midlands
Apr-08,159743,,West Midlands
May-08,161333,,West Midlands
Jun-08,159656,,West Midlands
Jul-08,156057,,West Midlands
Aug-08,153811,,West Midlands
Sept-08,151810,,West Midlands
Oct-08,148779,,West Midlands
Nov-08,144774,,West Midlands
Dec-08,141893,,West Midlands
Jan-09,139999,,West Midlands
Feb-09,138503,,West Midlands
Mar-09,136966,,West Midlands
Apr-09,137313,,West Midlands
May-09,139243,,West Midlands
Jun-09,139485,,West Midlands
Jul-09,143597,,West Midlands
Aug-09,144704,,West Midlands
Sept-09,144956,,West Midlands
Oct-09,146929,,West Midlands
Nov-09,146230,,West Midlands
Dec-09,148354,,West Midlands
Jan-10,146424,,West Midlands
Feb-10,147484,,West Midlands
Mar-10,146692,,West Midlands
Apr-10,149119,,West Midlands
May-10,149465,,West Midlands
Jun-10,150817,,West Midlands
Jul-10,151124,,West Midlands
Aug-10,150663,,West Midlands
Sept-10,152089,,West Midlands
Oct-10,149193,,West Midlands
Nov-10,149168,,West Midlands
Dec-10,148525,,West Midlands
Jan-11,146490,,West Midlands
Feb-11,144486,,West Midlands
Mar-11,143209,,West Midlands
Apr-11,145562,,West Midlands
May-11,145692,,West Midlands
Jun-11,145807,,West Midlands
Jul-11,146184,,West Midlands
Aug-11,146183,,West Midlands
Sept-11,147655,,West Midlands
Oct-11,144812,,West Midlands
Nov-11,145825,,West Midlands
Dec-11,143628,,West Midlands
Jan-12,145071,,West Midlands
Feb-12,143615,,West Midlands
Mar-12,144779,,West Midlands
Apr-12,144490,,West Midlands
May-12,144126,,West Midlands
Jun-12,147713,,West Midlands
Jul-12,147399,,West Midlands
Aug-12,147401,,West Midlands
Sept-12,147227,,West Midlands
Oct-12,145709,,West Midlands
Nov-12,146988,,West Midlands
Dec-12,147386,,West Midlands
Jan-13,145005,,West Midlands
Feb-13,145470,,West Midlands
Mar-13,145983,,West Midlands
Apr-13,146320,,West Midlands
May-13,147312,,West Midlands
Jun-13,149457,,West Midlands
Jul-13,150343,,West Midlands
Aug-13,151665,,West Midlands
Sept-13,149816,,West Midlands
Oct-13,151179,,West Midlands
Nov-13,151495,,West Midlands
Dec-13,152008,,West Midlands
Jan-14,152152,,West Midlands
Feb-14,151239,,West Midlands
Mar-14,153209,,West Midlands
Apr-14,155245,,West Midlands
May-14,155724,,West Midlands
Jun-14,157736,,West Midlands
Jul-14,158073,,West Midlands
Aug-14,160571,,West Midlands
Sept-14,160011,,West Midlands
Oct-14,159925,,West Midlands
Nov-14,159782,,West Midlands
Dec-14,160267,,West Midlands
Jan-15,158683,,West Midlands
Feb-15,160388,,West Midlands
Mar-15,159293,,West Midlands
Apr-15,161813,,West Midlands
May-15,162631,,West Midlands
Jun-15,164404,,West Midlands
Jul-15,166016,,West Midlands
Aug-15,167862,,West Midlands
Sept-15,167590,,West Midlands
Oct-15,167550,,West Midlands
Nov-15,168871,,West Midlands
Dec-15,169286,,West Midlands
Jan-16,169747,,West Midlands
Feb-16,168691,,West Midlands
Mar-16,169300,,West Midlands
Apr-16,172955,,West Midlands
May-16,174741,,West Midlands
Jun-16,176729,,West Midlands
Jul-16,176943,,West Midlands
Aug-16,178960,,West Midlands
Sept-16,178837,,West Midlands
Oct-16,177065,,West Midlands
Nov-16,179248,,West Midlands
Dec-16,179668,,West Midlands
Jan-17,178494,,West Midlands
Feb-17,179530,,West Midlands
Mar-17,179542,,West Midlands
Apr-17,181411,,West Midlands
May-17,183199,,West Midlands
Jun-17,185214,,West Midlands
Jul-17,187219,,West Midlands
Aug-17,189271,,West Midlands
Sept-17,188232,,West Midlands
Oct-17,188849,,West Midlands
Nov-17,188640,,West Midlands
Dec-17,190466,,West Midlands
Jan-18,187845,,West Midlands
Feb-18,190682,,West Midlands
Mar-18,190077,,West Midlands
Apr-18,191375,,West Midlands
May-18,191299,,West Midlands
Jun-18,193886,,West Midlands
Jul-18,196297,,West Midlands
Aug-18,196757,,West Midlands
Sept-18,198120,,West Midlands
Oct-18,197972,,West Midlands
Nov-18,196446,,West Midlands
Dec-18,198469,,West Midlands
Jan-19,195498,,West Midlands
Feb-19,197368,,West Midlands
Mar-19,195058,,West Midlands
Apr-19,195476,,West Midlands
May-19,197002,,West Midlands
Jun-19,196679,,West Midlands
Jul-19,197675,,West Midlands
Aug-19,200304,,West Midlands
Sept-19,200466,,West Midlands
Oct-19,199973,,West Midlands
Nov-19,200095,,West Midlands
Dec-19,198301,,West Midlands
Jan-20,201060,,West Midlands
Feb-20,198974,,West Midlands
Mar-20,199637,,West Midlands
Apr-20,195075,,West Midlands
May-20,200156,,West Midlands
Jun-20,201330,,West Midlands
Jul-20,203527,,West Midlands
Aug-20,205908,,West Midlands
Sept-20,207291,,West Midlands
Oct-20,208805,,West Midlands
Nov-20,210348,,West Midlands
Dec-20,213578,,West Midlands
Jan-21,213786,,West Midlands
Feb-21,216219,,West Midlands
Mar-21,218064,,West Midlands
Apr-21,216497,,West Midlands
May-21,216741,,West Midlands
Jun-21,230984,,West Midlands
Jul-21,216752,,West Midlands
Aug-21,224071,,West Midlands
Sept-21,230628,,West Midlands
Oct-21,224506,,West Midlands
Nov-21,228743,,West Midlands
Dec-21,232000,,West Midlands
Jan-22,234358,,West Midlands
Feb-22,235072,,West Midlands
Mar-22,238005,,West Midlands
Apr-22,239976,,West Midlands
May-22,243969,,West Midlands
Jun-22,244450,,West Midlands
Jul-22,252841,,West Midlands
Aug-22,254019,,West Midlands
Jan-95,44803,,Yorkshire and the Humber
Feb-95,44529,,Yorkshire and the Humber
Mar-95,45200,,Yorkshire and the Humber
Apr-95,45614,,Yorkshire and the Humber
May-95,44831,,Yorkshire and the Humber
Jun-95,45393,,Yorkshire and the Humber
Jul-95,45535,,Yorkshire and the Humber
Aug-95,45111,,Yorkshire and the Humber
Sept-95,44838,,Yorkshire and the Humber
Oct-95,44310,,Yorkshire and the Humber
Nov-95,44166,,Yorkshire and the Humber
Dec-95,44458,,Yorkshire and the Humber
Jan-96,43461,,Yorkshire and the Humber
Feb-96,43815,,Yorkshire and the Humber
Mar-96,43881,,Yorkshire and the Humber
Apr-96,44539,,Yorkshire and the Humber
May-96,44948,,Yorkshire and the Humber
Jun-96,45127,,Yorkshire and the Humber
Jul-96,45650,,Yorkshire and the Humber
Aug-96,45531,,Yorkshire and the Humber
Sept-96,45131,,Yorkshire and the Humber
Oct-96,44874,,Yorkshire and the Humber
Nov-96,45639,,Yorkshire and the Humber
Dec-96,45251,,Yorkshire and the Humber
Jan-97,44984,,Yorkshire and the Humber
Feb-97,44759,,Yorkshire and the Humber
Mar-97,45315,,Yorkshire and the Humber
Apr-97,46306,,Yorkshire and the Humber
May-97,46634,,Yorkshire and the Humber
Jun-97,46880,,Yorkshire and the Humber
Jul-97,47040,,Yorkshire and the Humber
Aug-97,47219,,Yorkshire and the Humber
Sept-97,47201,,Yorkshire and the Humber
Oct-97,46545,,Yorkshire and the Humber
Nov-97,46774,,Yorkshire and the Humber
Dec-97,46228,,Yorkshire and the Humber
Jan-98,46763,,Yorkshire and the Humber
Feb-98,46888,,Yorkshire and the Humber
Mar-98,46612,,Yorkshire and the Humber
Apr-98,47370,,Yorkshire and the Humber
May-98,47866,,Yorkshire and the Humber
Jun-98,47774,,Yorkshire and the Humber
Jul-98,48581,,Yorkshire and the Humber
Aug-98,48736,,Yorkshire and the Humber
Sept-98,48050,,Yorkshire and the Humber
Oct-98,48182,,Yorkshire and the Humber
Nov-98,47122,,Yorkshire and the Humber
Dec-98,47926,,Yorkshire and the Humber
Jan-99,47586,,Yorkshire and the Humber
Feb-99,47550,,Yorkshire and the Humber
Mar-99,48108,,Yorkshire and the Humber
Apr-99,48462,,Yorkshire and the Humber
May-99,49528,,Yorkshire and the Humber
Jun-99,49894,,Yorkshire and the Humber
Jul-99,49766,,Yorkshire and the Humber
Aug-99,50608,,Yorkshire and the Humber
Sept-99,50388,,Yorkshire and the Humber
Oct-99,50402,,Yorkshire and the Humber
Nov-99,50932,,Yorkshire and the Humber
Dec-99,50654,,Yorkshire and the Humber
Jan-00,50489,,Yorkshire and the Humber
Feb-00,50579,,Yorkshire and the Humber
Mar-00,50735,,Yorkshire and the Humber
Apr-00,52508,,Yorkshire and the Humber
May-00,52979,,Yorkshire and the Humber
Jun-00,53615,,Yorkshire and the Humber
Jul-00,54065,,Yorkshire and the Humber
Aug-00,54181,,Yorkshire and the Humber
Sept-00,54845,,Yorkshire and the Humber
Oct-00,54659,,Yorkshire and the Humber
Nov-00,54014,,Yorkshire and the Humber
Dec-00,54709,,Yorkshire and the Humber
Jan-01,55007,,Yorkshire and the Humber
Feb-01,54076,,Yorkshire and the Humber
Mar-01,54612,,Yorkshire and the Humber
Apr-01,56162,,Yorkshire and the Humber
May-01,57262,,Yorkshire and the Humber
Jun-01,57846,,Yorkshire and the Humber
Jul-01,58617,,Yorkshire and the Humber
Aug-01,59846,,Yorkshire and the Humber
Sept-01,60055,,Yorkshire and the Humber
Oct-01,59514,,Yorkshire and the Humber
Nov-01,60419,,Yorkshire and the Humber
Dec-01,61131,,Yorkshire and the Humber
Jan-02,60884,,Yorkshire and the Humber
Feb-02,62001,,Yorkshire and the Humber
Mar-02,62928,,Yorkshire and the Humber
Apr-02,64739,,Yorkshire and the Humber
May-02,66684,,Yorkshire and the Humber
Jun-02,68931,,Yorkshire and the Humber
Jul-02,70211,,Yorkshire and the Humber
Aug-02,72055,,Yorkshire and the Humber
Sept-02,73005,,Yorkshire and the Humber
Oct-02,73921,,Yorkshire and the Humber
Nov-02,76688,,Yorkshire and the Humber
Dec-02,77357,,Yorkshire and the Humber
Jan-03,78554,,Yorkshire and the Humber
Feb-03,78707,,Yorkshire and the Humber
Mar-03,80085,,Yorkshire and the Humber
Apr-03,82883,,Yorkshire and the Humber
May-03,85381,,Yorkshire and the Humber
Jun-03,87165,,Yorkshire and the Humber
Jul-03,89509,,Yorkshire and the Humber
Aug-03,91496,,Yorkshire and the Humber
Sept-03,91827,,Yorkshire and the Humber
Oct-03,93299,,Yorkshire and the Humber
Nov-03,95183,,Yorkshire and the Humber
Dec-03,97392,,Yorkshire and the Humber
Jan-04,96820,,Yorkshire and the Humber
Feb-04,97291,,Yorkshire and the Humber
Mar-04,100959,,Yorkshire and the Humber
Apr-04,106609,,Yorkshire and the Humber
May-04,109413,,Yorkshire and the Humber
Jun-04,112733,,Yorkshire and the Humber
Jul-04,114941,,Yorkshire and the Humber
Aug-04,117119,,Yorkshire and the Humber
Sept-04,118563,,Yorkshire and the Humber
Oct-04,118291,,Yorkshire and the Humber
Nov-04,118818,,Yorkshire and the Humber
Dec-04,120378,,Yorkshire and the Humber
Jan-05,118923,,Yorkshire and the Humber
Feb-05,120419,,Yorkshire and the Humber
Mar-05,121650,,Yorkshire and the Humber
Apr-05,122183,,Yorkshire and the Humber
May-05,124992,,Yorkshire and the Humber
Jun-05,126353,,Yorkshire and the Humber
Jul-05,127946,,Yorkshire and the Humber
Aug-05,129053,,Yorkshire and the Humber
Sept-05,129295,,Yorkshire and the Humber
Oct-05,129477,,Yorkshire and the Humber
Nov-05,129596,,Yorkshire and the Humber
Dec-05,130416,,Yorkshire and the Humber
Jan-06,130043,,Yorkshire and the Humber
Feb-06,130998,,Yorkshire and the Humber
Mar-06,131602,,Yorkshire and the Humber
Apr-06,134859,,Yorkshire and the Humber
May-06,135180,,Yorkshire and the Humber
Jun-06,136554,,Yorkshire and the Humber
Jul-06,138362,,Yorkshire and the Humber
Aug-06,139890,,Yorkshire and the Humber
Sept-06,140053,,Yorkshire and the Humber
Oct-06,140644,,Yorkshire and the Humber
Nov-06,141286,,Yorkshire and the Humber
Dec-06,143129,,Yorkshire and the Humber
Jan-07,141824,,Yorkshire and the Humber
Feb-07,142084,,Yorkshire and the Humber
Mar-07,142716,,Yorkshire and the Humber
Apr-07,146140,,Yorkshire and the Humber
May-07,147844,,Yorkshire and the Humber
Jun-07,149372,,Yorkshire and the Humber
Jul-07,149681,,Yorkshire and the Humber
Aug-07,149887,,Yorkshire and the Humber
Sept-07,149366,,Yorkshire and the Humber
Oct-07,150233,,Yorkshire and the Humber
Nov-07,149918,,Yorkshire and the Humber
Dec-07,150186,,Yorkshire and the Humber
Jan-08,147225,,Yorkshire and the Humber
Feb-08,146749,,Yorkshire and the Humber
Mar-08,145187,,Yorkshire and the Humber
Apr-08,146226,,Yorkshire and the Humber
May-08,146896,,Yorkshire and the Humber
Jun-08,143970,,Yorkshire and the Humber
Jul-08,143731,,Yorkshire and the Humber
Aug-08,141353,,Yorkshire and the Humber
Sept-08,137625,,Yorkshire and the Humber
Oct-08,135400,,Yorkshire and the Humber
Nov-08,131332,,Yorkshire and the Humber
Dec-08,130032,,Yorkshire and the Humber
Jan-09,125554,,Yorkshire and the Humber
Feb-09,125758,,Yorkshire and the Humber
Mar-09,123833,,Yorkshire and the Humber
Apr-09,126502,,Yorkshire and the Humber
May-09,127197,,Yorkshire and the Humber
Jun-09,128130,,Yorkshire and the Humber
Jul-09,132156,,Yorkshire and the Humber
Aug-09,132277,,Yorkshire and the Humber
Sept-09,132027,,Yorkshire and the Humber
Oct-09,134008,,Yorkshire and the Humber
Nov-09,134226,,Yorkshire and the Humber
Dec-09,135139,,Yorkshire and the Humber
Jan-10,132780,,Yorkshire and the Humber
Feb-10,132740,,Yorkshire and the Humber
Mar-10,132707,,Yorkshire and the Humber
Apr-10,134399,,Yorkshire and the Humber
May-10,134781,,Yorkshire and the Humber
Jun-10,135393,,Yorkshire and the Humber
Jul-10,137281,,Yorkshire and the Humber
Aug-10,136896,,Yorkshire and the Humber
Sept-10,135480,,Yorkshire and the Humber
Oct-10,133059,,Yorkshire and the Humber
Nov-10,131548,,Yorkshire and the Humber
Dec-10,132685,,Yorkshire and the Humber
Jan-11,128975,,Yorkshire and the Humber
Feb-11,130825,,Yorkshire and the Humber
Mar-11,127764,,Yorkshire and the Humber
Apr-11,131790,,Yorkshire and the Humber
May-11,131713,,Yorkshire and the Humber
Jun-11,130288,,Yorkshire and the Humber
Jul-11,131165,,Yorkshire and the Humber
Aug-11,132380,,Yorkshire and the Humber
Sept-11,131546,,Yorkshire and the Humber
Oct-11,129243,,Yorkshire and the Humber
Nov-11,129847,,Yorkshire and the Humber
Dec-11,129614,,Yorkshire and the Humber
Jan-12,126763,,Yorkshire and the Humber
Feb-12,127906,,Yorkshire and the Humber
Mar-12,128570,,Yorkshire and the Humber
Apr-12,128045,,Yorkshire and the Humber
May-12,129642,,Yorkshire and the Humber
Jun-12,130979,,Yorkshire and the Humber
Jul-12,131167,,Yorkshire and the Humber
Aug-12,131781,,Yorkshire and the Humber
Sept-12,130579,,Yorkshire and the Humber
Oct-12,129217,,Yorkshire and the Humber
Nov-12,130287,,Yorkshire and the Humber
Dec-12,129701,,Yorkshire and the Humber
Jan-13,125516,,Yorkshire and the Humber
Feb-13,128099,,Yorkshire and the Humber
Mar-13,127679,,Yorkshire and the Humber
Apr-13,127980,,Yorkshire and the Humber
May-13,130027,,Yorkshire and the Humber
Jun-13,130724,,Yorkshire and the Humber
Jul-13,131471,,Yorkshire and the Humber
Aug-13,131934,,Yorkshire and the Humber
Sept-13,133207,,Yorkshire and the Humber
Oct-13,130967,,Yorkshire and the Humber
Nov-13,131770,,Yorkshire and the Humber
Dec-13,133265,,Yorkshire and the Humber
Jan-14,131526,,Yorkshire and the Humber
Feb-14,133566,,Yorkshire and the Humber
Mar-14,131800,,Yorkshire and the Humber
Apr-14,135527,,Yorkshire and the Humber
May-14,136372,,Yorkshire and the Humber
Jun-14,136406,,Yorkshire and the Humber
Jul-14,138056,,Yorkshire and the Humber
Aug-14,139749,,Yorkshire and the Humber
Sept-14,137813,,Yorkshire and the Humber
Oct-14,138639,,Yorkshire and the Humber
Nov-14,138291,,Yorkshire and the Humber
Dec-14,139199,,Yorkshire and the Humber
Jan-15,136169,,Yorkshire and the Humber
Feb-15,136993,,Yorkshire and the Humber
Mar-15,137740,,Yorkshire and the Humber
Apr-15,138435,,Yorkshire and the Humber
May-15,141654,,Yorkshire and the Humber
Jun-15,141872,,Yorkshire and the Humber
Jul-15,144733,,Yorkshire and the Humber
Aug-15,145313,,Yorkshire and the Humber
Sept-15,144635,,Yorkshire and the Humber
Oct-15,144325,,Yorkshire and the Humber
Nov-15,145036,,Yorkshire and the Humber
Dec-15,145531,,Yorkshire and the Humber
Jan-16,144594,,Yorkshire and the Humber
Feb-16,145064,,Yorkshire and the Humber
Mar-16,143824,,Yorkshire and the Humber
Apr-16,148145,,Yorkshire and the Humber
May-16,148712,,Yorkshire and the Humber
Jun-16,150349,,Yorkshire and the Humber
Jul-16,151334,,Yorkshire and the Humber
Aug-16,151486,,Yorkshire and the Humber
Sept-16,150519,,Yorkshire and the Humber
Oct-16,150358,,Yorkshire and the Humber
Nov-16,151219,,Yorkshire and the Humber
Dec-16,152583,,Yorkshire and the Humber
Jan-17,148916,,Yorkshire and the Humber
Feb-17,150721,,Yorkshire and the Humber
Mar-17,149660,,Yorkshire and the Humber
Apr-17,153248,,Yorkshire and the Humber
May-17,154547,,Yorkshire and the Humber
Jun-17,155802,,Yorkshire and the Humber
Jul-17,156514,,Yorkshire and the Humber
Aug-17,158077,,Yorkshire and the Humber
Sept-17,157934,,Yorkshire and the Humber
Oct-17,156897,,Yorkshire and the Humber
Nov-17,157088,,Yorkshire and the Humber
Dec-17,158435,,Yorkshire and the Humber
Jan-18,155888,,Yorkshire and the Humber
Feb-18,155694,,Yorkshire and the Humber
Mar-18,156466,,Yorkshire and the Humber
Apr-18,157431,,Yorkshire and the Humber
May-18,159541,,Yorkshire and the Humber
Jun-18,160484,,Yorkshire and the Humber
Jul-18,162020,,Yorkshire and the Humber
Aug-18,164088,,Yorkshire and the Humber
Sept-18,162180,,Yorkshire and the Humber
Oct-18,161750,,Yorkshire and the Humber
Nov-18,161471,,Yorkshire and the Humber
Dec-18,162130,,Yorkshire and the Humber
Jan-19,160341,,Yorkshire and the Humber
Feb-19,159284,,Yorkshire and the Humber
Mar-19,160771,,Yorkshire and the Humber
Apr-19,161839,,Yorkshire and the Humber
May-19,162208,,Yorkshire and the Humber
Jun-19,163658,,Yorkshire and the Humber
Jul-19,164990,,Yorkshire and the Humber
Aug-19,165547,,Yorkshire and the Humber
Sept-19,165445,,Yorkshire and the Humber
Oct-19,166226,,Yorkshire and the Humber
Nov-19,164876,,Yorkshire and the Humber
Dec-19,165654,,Yorkshire and the Humber
Jan-20,164553,,Yorkshire and the Humber
Feb-20,164353,,Yorkshire and the Humber
Mar-20,165360,,Yorkshire and the Humber
Apr-20,160140,,Yorkshire and the Humber
May-20,164970,,Yorkshire and the Humber
Jun-20,167941,,Yorkshire and the Humber
Jul-20,168740,,Yorkshire and the Humber
Aug-20,171000,,Yorkshire and the Humber
Sept-20,171828,,Yorkshire and the Humber
Oct-20,174360,,Yorkshire and the Humber
Nov-20,178145,,Yorkshire and the Humber
Dec-20,179316,,Yorkshire and the Humber
Jan-21,181214,,Yorkshire and the Humber
Feb-21,181319,,Yorkshire and the Humber
Mar-21,183188,,Yorkshire and the Humber
Apr-21,179999,,Yorkshire and the Humber
May-21,181853,,Yorkshire and the Humber
Jun-21,195830,,Yorkshire and the Humber
Jul-21,180018,,Yorkshire and the Humber
Aug-21,186332,,Yorkshire and the Humber
Sept-21,196014,,Yorkshire and the Humber
Oct-21,185945,,Yorkshire and the Humber
Nov-21,190804,,Yorkshire and the Humber
Dec-21,192328,,Yorkshire and the Humber
Jan-22,195487,,Yorkshire and the Humber
Feb-22,197246,,Yorkshire and the Humber
Mar-22,196470,,Yorkshire and the Humber
Apr-22,198749,,Yorkshire and the Humber
May-22,203543,,Yorkshire and the Humber
Jun-22,204586,,Yorkshire and the Humber
Jul-22,208099,,Yorkshire and the Humber
Aug-22,211841,,Yorkshire and the Humber